-- ============================================================
-- Sample Data: Supplier-Inventory Database (PostgreSQL)
-- 36 contracts | 842 orders | 695 receipts | 1390 consumptions | 2085 total movements
-- ============================================================

-- SUPPLIERS
INSERT INTO supplier (supplier_id, company_name, address, city, province, postal_code, country)
VALUES
(1, 'PT Karya Agung Mandiri', 'Jl. Industri No. 12', 'Jakarta', 'DKI Jakarta', '10110', 'IDN'),
(2, 'CV Maju Bersama', 'Jl. Raya Bekasi No. 45', 'Bekasi', 'Jawa Barat', '13000', 'IDN'),
(3, 'PT Sumber Alam Sumatera', 'Jl. Gatot Subroto No. 8', 'Medan', 'Sumatra Utara', '20000', 'IDN'),
(4, 'UD Mataram Jaya', 'Jl. Pejanggik No. 3', 'Mataram', 'Nusa Tenggara Barat', '83100', 'IDN'),
(5, 'PT Bumi Aceh Resources', 'Jl. T. Nyak Arief No. 1', 'Aceh', 'NAD', '24300', 'IDN'),
(6, 'PT Riau Konstruksi', 'Jl. Sudirman No. 88', 'Pekanbaru', 'Riau', '28200', 'IDN'),
(7, 'CV Dumai Aspal Utama', 'Jl. Nelayan No. 21', 'Dumai', 'Riau', '28800', 'IDN'),
(8, 'PT Klaten Beton Perkasa', 'Jl. Solo-Yogya KM 7', 'Klaten', 'Jawa Tengah', '57400', 'IDN'),
(9, 'UD Yogyakarta Material', 'Jl. Magelang No. 15', 'Yogyakarta', 'DIY', '55000', 'IDN'),
(10, 'PT Cileungsi Agregat', 'Jl. Narogong No. 33', 'Cileungsi', 'Jawa Barat', '16800', 'IDN');

-- MATERIALS
INSERT INTO material (material_id, material_name, description, unit)
VALUES
(1200, 'Bitumen', 'Bitumen pen 60/70 for asphalt paving', 'Cubic Meters'),
(1300, 'Gravel', 'Crushed stone 14mm-20mm for base course', 'Tons'),
(1310, 'Coarse Aggregate', 'Coarse aggregate for asphalt mix (AC-WC)', 'Tons'),
(1400, 'Diesel Fuel', 'Industrial diesel for mixing plant units', 'Liters');

-- PRODUCTION UNITS
INSERT INTO production_unit (unit_id, unit_name, address, city, province, postal_code, country)
VALUES
(201, 'AMP Pekanbaru', 'Km 12 Jl. Pekanbaru-Dumai', 'Pekanbaru', 'Riau', '28200', 'IDN'),
(202, 'AMP Dumai', 'Km 5 Jl. Dumai Industrial', 'Dumai', 'Riau', '28800', 'IDN'),
(203, 'AMP JORR-South', 'Jl. JORR Seksi S, Cilandak', 'Jakarta', 'DKI Jakarta', '12430', 'IDN');

-- CONTRACTS
INSERT INTO contract (contract_id, supplier_id, material_id, unit_id, quantity, price_per_unit, start_date, end_date, supply_date, status)
VALUES
(1001,1,1200,201,322.51,72.71,'2020-01-01','2020-12-31','2020-01-14','Completed'),
(1002,1,1200,201,962.82,78.14,'2021-01-01','2021-12-31','2021-01-19','Active'),
(1003,2,1200,201,328.6,70.26,'2022-01-01','2022-12-31','2022-01-14','Active'),
(1004,7,1300,201,805.12,120.62,'2020-01-01','2020-12-31','2020-01-22','Completed'),
(1005,10,1300,201,498.4,118.0,'2021-01-01','2021-12-31','2021-01-11','Active'),
(1006,10,1300,201,606.23,109.02,'2022-01-01','2022-12-31','2022-01-16','Active'),
(1007,7,1310,201,383.47,90.93,'2020-01-01','2020-12-31','2020-01-16','Completed'),
(1008,9,1310,201,1026.42,101.98,'2021-01-01','2021-12-31','2021-01-19','Active'),
(1009,9,1310,201,370.92,94.36,'2022-01-01','2022-12-31','2022-01-21','Active'),
(1010,4,1400,201,819.62,9.42,'2020-01-01','2020-12-31','2020-01-11','Completed'),
(1011,3,1400,201,995.76,9.88,'2021-01-01','2021-12-31','2021-01-14','Active'),
(1012,4,1400,201,550.18,9.31,'2022-01-01','2022-12-31','2022-01-16','Active'),
(1013,1,1200,202,633.16,71.83,'2020-01-01','2020-12-31','2020-01-15','Completed'),
(1014,1,1200,202,848.22,71.31,'2021-01-01','2021-12-31','2021-01-22','Active'),
(1015,1,1200,202,716.03,72.64,'2022-01-01','2022-12-31','2022-01-21','Active'),
(1016,4,1300,202,916.15,123.25,'2020-01-01','2020-12-31','2020-01-11','Completed'),
(1017,4,1300,202,1039.62,122.46,'2021-01-01','2021-12-31','2021-01-17','Completed'),
(1018,4,1300,202,489.88,125.32,'2022-01-01','2022-12-31','2022-01-22','Active'),
(1019,7,1310,202,491.36,97.96,'2020-01-01','2020-12-31','2020-01-21','Completed'),
(1020,7,1310,202,428.58,91.68,'2021-01-01','2021-12-31','2021-01-22','Completed'),
(1021,7,1310,202,1108.04,96.21,'2022-01-01','2022-12-31','2022-01-14','Active'),
(1022,2,1400,202,758.57,8.43,'2020-01-01','2020-12-31','2020-01-11','Completed'),
(1023,2,1400,202,437.56,8.54,'2021-01-01','2021-12-31','2021-01-21','Completed'),
(1024,2,1400,202,646.29,9.25,'2022-01-01','2022-12-31','2022-01-18','Active'),
(1025,6,1200,203,1173.97,80.62,'2020-01-01','2020-12-31','2020-01-11','Completed'),
(1026,1,1200,203,913.54,76.25,'2021-01-01','2021-12-31','2021-01-15','Completed'),
(1027,1,1200,203,564.15,71.14,'2022-01-01','2022-12-31','2022-01-11','Active'),
(1028,8,1300,203,1174.7,121.57,'2020-01-01','2020-12-31','2020-01-19','Completed'),
(1029,4,1300,203,1083.47,111.98,'2021-01-01','2021-12-31','2021-01-21','Active'),
(1030,4,1300,203,636.52,109.14,'2022-01-01','2022-12-31','2022-01-19','Active'),
(1031,7,1310,203,839.05,97.77,'2020-01-01','2020-12-31','2020-01-12','Completed'),
(1032,10,1310,203,1090.85,103.76,'2021-01-01','2021-12-31','2021-01-15','Active'),
(1033,7,1310,203,516.78,99.15,'2022-01-01','2022-12-31','2022-01-12','Active'),
(1034,2,1400,203,958.72,9.6,'2020-01-01','2020-12-31','2020-01-19','Completed'),
(1035,2,1400,203,415.55,9.05,'2021-01-01','2021-12-31','2021-01-19','Active'),
(1036,3,1400,203,774.91,9.26,'2022-01-01','2022-12-31','2022-01-14','Active');

-- ORDERS
INSERT INTO orders (order_id, contract_id, unit_id, order_date, required_date, shipped_date, status)
VALUES
(5001,1001,201,'2020-05-12','2020-06-02','2020-06-03','Completed'),
(5002,1001,201,'2020-08-22','2020-09-11','2020-09-13','Completed'),
(5003,1001,201,'2020-09-11','2020-09-29','2020-10-03','Completed'),
(5004,1001,201,'2020-04-01','2020-04-14','2020-04-14','Completed'),
(5005,1001,201,'2020-03-03','2020-03-18','2020-03-15','Completed'),
(5006,1001,201,'2020-11-27','2020-12-15','2020-12-15','Completed'),
(5007,1001,201,'2020-11-27','2020-12-10','2020-12-07','Completed'),
(5008,1001,201,'2020-03-07','2020-03-28','2020-03-25','Completed'),
(5009,1001,201,'2020-05-27','2020-06-07','2020-06-04','Completed'),
(5010,1001,201,'2020-07-18','2020-07-29','2020-08-03','Completed'),
(5011,1001,201,'2020-05-31','2020-06-14','2020-06-18','Completed'),
(5012,1001,201,'2020-05-19','2020-06-06','2020-06-05','Completed'),
(5013,1001,201,'2020-11-18','2020-12-07','2020-12-11','Completed'),
(5014,1001,201,'2020-06-03','2020-06-20','2020-06-23','Completed'),
(5015,1001,201,'2020-05-07','2020-05-18','2020-05-16','Completed'),
(5016,1001,201,'2020-09-07','2020-09-22','2020-09-25','Completed'),
(5017,1001,201,'2020-08-28','2020-09-14','2020-09-11','Completed'),
(5018,1001,201,'2020-03-21','2020-03-31','2020-04-03','Completed'),
(5019,1001,201,'2020-07-22','2020-08-02','2020-08-02','Completed'),
(5020,1001,201,'2020-05-08','2020-05-21','2020-05-26','Completed'),
(5021,1001,201,'2020-09-16','2020-09-28','2020-10-01','Completed'),
(5022,1001,201,'2020-05-03','2020-05-17','2020-05-21','Completed'),
(5023,1001,201,'2020-06-06','2020-06-17','2020-06-21','Completed'),
(5024,1001,201,'2020-11-07','2020-11-18','2020-11-15','Completed'),
(5025,1001,201,'2020-11-02','2020-11-12','2020-11-10','Completed'),
(5026,1001,201,'2020-05-31','2020-06-12','2020-06-15','Completed'),
(5027,1002,201,'2021-10-04','2021-10-17','2021-10-20','Completed'),
(5028,1002,201,'2021-04-25','2021-05-11','2021-05-08','Completed'),
(5029,1002,201,'2021-06-15','2021-07-02','2021-07-03','Completed'),
(5030,1002,201,'2021-11-11','2021-12-01','2021-12-05','Completed'),
(5031,1002,201,'2021-05-08','2021-05-22','2021-05-22','Completed'),
(5032,1002,201,'2021-11-23','2021-12-14','2021-12-19','Completed'),
(5033,1002,201,'2021-07-10','2021-07-20',NULL,'Pending'),
(5034,1002,201,'2021-10-02','2021-10-20','2021-10-25','Completed'),
(5035,1002,201,'2021-03-01','2021-03-19','2021-03-17','Completed'),
(5036,1002,201,'2021-03-07','2021-03-26',NULL,'Pending'),
(5037,1002,201,'2021-05-31','2021-06-16',NULL,'Pending'),
(5038,1002,201,'2021-06-06','2021-06-25','2021-07-01','Completed'),
(5039,1002,201,'2021-12-14','2021-12-25',NULL,'Pending'),
(5040,1002,201,'2021-11-25','2021-12-14','2021-12-19','Completed'),
(5041,1002,201,'2021-06-13','2021-06-26','2021-06-28','Completed'),
(5042,1002,201,'2021-06-15','2021-07-01',NULL,'Pending'),
(5043,1002,201,'2021-07-03','2021-07-20','2021-07-22','Completed'),
(5044,1002,201,'2021-02-04','2021-02-21',NULL,'Pending'),
(5045,1002,201,'2021-03-23','2021-04-03','2021-04-08','Completed'),
(5046,1002,201,'2021-10-17','2021-10-31','2021-10-30','Completed'),
(5047,1002,201,'2021-03-07','2021-03-20','2021-03-22','Completed'),
(5048,1002,201,'2021-04-21','2021-05-08',NULL,'Pending'),
(5049,1002,201,'2021-07-04','2021-07-23','2021-07-28','Completed'),
(5050,1002,201,'2021-11-10','2021-11-24','2021-11-22','Completed'),
(5051,1002,201,'2021-06-15','2021-06-26',NULL,'Pending'),
(5052,1003,201,'2022-04-20','2022-05-04',NULL,'Pending'),
(5053,1003,201,'2022-05-18','2022-06-08','2022-06-10','Completed'),
(5054,1003,201,'2022-06-15','2022-07-03','2022-07-07','Completed'),
(5055,1003,201,'2022-02-26','2022-03-09','2022-03-12','Completed'),
(5056,1003,201,'2022-02-22','2022-03-04','2022-03-06','Completed'),
(5057,1003,201,'2022-06-14','2022-06-26',NULL,'Pending'),
(5058,1003,201,'2022-09-06','2022-09-24','2022-09-21','Completed'),
(5059,1003,201,'2022-03-10','2022-03-31',NULL,'Pending'),
(5060,1003,201,'2022-02-18','2022-03-05',NULL,'Pending'),
(5061,1003,201,'2022-04-16','2022-05-02','2022-05-01','Completed'),
(5062,1003,201,'2022-07-07','2022-07-22','2022-07-19','Completed'),
(5063,1003,201,'2022-05-18','2022-06-07',NULL,'Pending'),
(5064,1003,201,'2022-03-24','2022-04-08','2022-04-13','Completed'),
(5065,1003,201,'2022-12-14','2023-01-04','2023-01-03','Completed'),
(5066,1003,201,'2022-04-24','2022-05-06','2022-05-09','Completed'),
(5067,1003,201,'2022-05-02','2022-05-23','2022-05-25','Completed'),
(5068,1003,201,'2022-06-07','2022-06-21',NULL,'Pending'),
(5069,1003,201,'2022-03-27','2022-04-12','2022-04-09','Completed'),
(5070,1003,201,'2022-05-24','2022-06-06','2022-06-10','Completed'),
(5071,1003,201,'2022-07-06','2022-07-19','2022-07-19','Completed'),
(5072,1003,201,'2022-05-09','2022-05-25','2022-05-27','Completed'),
(5073,1003,201,'2022-03-07','2022-03-21',NULL,'Pending'),
(5074,1003,201,'2022-10-18','2022-11-03','2022-11-08','Completed'),
(5075,1003,201,'2022-02-14','2022-02-25','2022-02-26','Completed'),
(5076,1003,201,'2022-11-24','2022-12-08','2022-12-05','Completed'),
(5077,1003,201,'2022-12-02','2022-12-18',NULL,'Pending'),
(5078,1004,201,'2020-09-10','2020-09-29','2020-10-04','Completed'),
(5079,1004,201,'2020-03-30','2020-04-15','2020-04-21','Completed'),
(5080,1004,201,'2020-05-07','2020-05-21','2020-05-18','Completed'),
(5081,1004,201,'2020-09-10','2020-09-20','2020-09-25','Completed'),
(5082,1004,201,'2020-11-01','2020-11-21','2020-11-21','Completed'),
(5083,1004,201,'2020-08-04','2020-08-20','2020-08-18','Completed'),
(5084,1004,201,'2020-07-18','2020-08-06','2020-08-08','Completed'),
(5085,1004,201,'2020-04-03','2020-04-24','2020-04-25','Completed'),
(5086,1004,201,'2020-10-16','2020-10-30','2020-11-02','Completed'),
(5087,1004,201,'2020-07-16','2020-08-01','2020-08-02','Completed'),
(5088,1004,201,'2020-11-09','2020-11-21','2020-11-21','Completed'),
(5089,1004,201,'2020-09-02','2020-09-22','2020-09-25','Completed'),
(5090,1004,201,'2020-04-29','2020-05-18','2020-05-24','Completed'),
(5091,1004,201,'2020-07-03','2020-07-19','2020-07-24','Completed'),
(5092,1004,201,'2020-01-31','2020-02-14','2020-02-15','Completed'),
(5093,1004,201,'2020-05-17','2020-06-02','2020-06-08','Completed'),
(5094,1004,201,'2020-12-06','2020-12-26','2020-12-28','Completed'),
(5095,1004,201,'2020-09-25','2020-10-12','2020-10-16','Completed'),
(5096,1004,201,'2020-05-19','2020-06-06','2020-06-10','Completed'),
(5097,1004,201,'2020-04-26','2020-05-16','2020-05-14','Completed'),
(5098,1004,201,'2020-06-24','2020-07-12','2020-07-18','Completed'),
(5099,1004,201,'2020-07-20','2020-07-31','2020-07-31','Completed'),
(5100,1004,201,'2020-07-07','2020-07-20','2020-07-20','Completed'),
(5101,1005,201,'2021-02-12','2021-02-22','2021-02-22','Completed'),
(5102,1005,201,'2021-12-09','2021-12-20','2021-12-24','Completed'),
(5103,1005,201,'2021-11-21','2021-12-04','2021-12-07','Completed'),
(5104,1005,201,'2021-08-23','2021-09-05',NULL,'Pending'),
(5105,1005,201,'2021-02-02','2021-02-13','2021-02-16','Completed'),
(5106,1005,201,'2021-05-01','2021-05-22','2021-05-27','Completed'),
(5107,1005,201,'2021-02-25','2021-03-15','2021-03-15','Completed'),
(5108,1005,201,'2021-09-21','2021-10-03',NULL,'Pending'),
(5109,1005,201,'2021-10-29','2021-11-16','2021-11-22','Completed'),
(5110,1005,201,'2021-09-14','2021-10-03','2021-10-08','Completed'),
(5111,1005,201,'2021-11-07','2021-11-24',NULL,'Pending'),
(5112,1005,201,'2021-10-01','2021-10-18','2021-10-19','Completed'),
(5113,1005,201,'2021-06-21','2021-07-09',NULL,'Pending'),
(5114,1005,201,'2021-06-02','2021-06-16','2021-06-20','Completed'),
(5115,1005,201,'2021-06-26','2021-07-09','2021-07-10','Completed'),
(5116,1005,201,'2021-07-13','2021-07-31','2021-07-29','Completed'),
(5117,1005,201,'2021-04-18','2021-05-01',NULL,'Pending'),
(5118,1005,201,'2021-04-19','2021-05-10','2021-05-10','Completed'),
(5119,1005,201,'2021-08-31','2021-09-16',NULL,'Pending'),
(5120,1005,201,'2021-09-26','2021-10-12','2021-10-09','Completed'),
(5121,1006,201,'2022-08-18','2022-09-06',NULL,'Pending'),
(5122,1006,201,'2022-08-13','2022-08-30','2022-08-27','Completed'),
(5123,1006,201,'2022-07-02','2022-07-18',NULL,'Pending'),
(5124,1006,201,'2022-11-06','2022-11-25','2022-11-25','Completed'),
(5125,1006,201,'2022-05-23','2022-06-06','2022-06-09','Completed'),
(5126,1006,201,'2022-02-14','2022-03-02',NULL,'Pending'),
(5127,1006,201,'2022-08-26','2022-09-16','2022-09-15','Completed'),
(5128,1006,201,'2022-04-06','2022-04-25','2022-04-30','Completed'),
(5129,1006,201,'2022-08-20','2022-09-08',NULL,'Pending'),
(5130,1006,201,'2022-02-13','2022-02-24','2022-02-27','Completed'),
(5131,1006,201,'2022-09-24','2022-10-06','2022-10-03','Completed'),
(5132,1006,201,'2022-08-13','2022-08-28','2022-08-28','Completed'),
(5133,1006,201,'2022-07-17','2022-08-01','2022-08-04','Completed'),
(5134,1006,201,'2022-09-03','2022-09-17','2022-09-15','Completed'),
(5135,1006,201,'2022-02-09','2022-03-02','2022-03-07','Completed'),
(5136,1006,201,'2022-07-29','2022-08-11',NULL,'Pending'),
(5137,1006,201,'2022-02-20','2022-03-02','2022-03-02','Completed'),
(5138,1006,201,'2022-02-10','2022-03-01','2022-02-28','Completed'),
(5139,1006,201,'2022-04-05','2022-04-22',NULL,'Pending'),
(5140,1006,201,'2022-05-22','2022-06-08','2022-06-09','Completed'),
(5141,1006,201,'2022-04-26','2022-05-15',NULL,'Pending'),
(5142,1006,201,'2022-03-30','2022-04-11','2022-04-12','Completed'),
(5143,1006,201,'2022-11-23','2022-12-03',NULL,'Pending'),
(5144,1006,201,'2022-08-11','2022-08-27','2022-08-27','Completed'),
(5145,1007,201,'2020-12-17','2020-12-30','2020-12-28','Completed'),
(5146,1007,201,'2020-07-03','2020-07-23','2020-07-29','Completed'),
(5147,1007,201,'2020-04-01','2020-04-20','2020-04-17','Completed'),
(5148,1007,201,'2020-07-26','2020-08-13','2020-08-16','Completed'),
(5149,1007,201,'2020-08-07','2020-08-18','2020-08-23','Completed'),
(5150,1007,201,'2020-07-23','2020-08-02','2020-08-05','Completed'),
(5151,1007,201,'2020-10-07','2020-10-18','2020-10-21','Completed'),
(5152,1007,201,'2020-08-03','2020-08-23','2020-08-27','Completed'),
(5153,1007,201,'2020-04-18','2020-05-04','2020-05-03','Completed'),
(5154,1007,201,'2020-10-24','2020-11-13','2020-11-14','Completed'),
(5155,1007,201,'2020-12-11','2020-12-29','2021-01-02','Completed'),
(5156,1007,201,'2020-09-25','2020-10-11','2020-10-17','Completed'),
(5157,1007,201,'2020-06-16','2020-07-01','2020-07-01','Completed'),
(5158,1007,201,'2020-03-15','2020-03-29','2020-04-02','Completed'),
(5159,1007,201,'2020-06-03','2020-06-20','2020-06-26','Completed'),
(5160,1007,201,'2020-12-08','2020-12-28','2020-12-31','Completed'),
(5161,1007,201,'2020-07-21','2020-07-31','2020-08-04','Completed'),
(5162,1007,201,'2020-07-15','2020-07-27','2020-07-31','Completed'),
(5163,1007,201,'2020-05-18','2020-06-02','2020-06-03','Completed'),
(5164,1007,201,'2020-07-23','2020-08-06','2020-08-12','Completed'),
(5165,1007,201,'2020-06-20','2020-07-08','2020-07-05','Completed'),
(5166,1007,201,'2020-10-21','2020-11-03','2020-11-01','Completed'),
(5167,1007,201,'2020-06-02','2020-06-23','2020-06-26','Completed'),
(5168,1007,201,'2020-10-07','2020-10-25','2020-10-25','Completed'),
(5169,1007,201,'2020-09-30','2020-10-20','2020-10-24','Completed'),
(5170,1007,201,'2020-09-16','2020-09-26','2020-09-24','Completed'),
(5171,1007,201,'2020-06-29','2020-07-12','2020-07-15','Completed'),
(5172,1008,201,'2021-07-06','2021-07-26','2021-08-01','Completed'),
(5173,1008,201,'2021-09-30','2021-10-18','2021-10-23','Completed'),
(5174,1008,201,'2021-09-05','2021-09-26','2021-10-01','Completed'),
(5175,1008,201,'2021-07-30','2021-08-20','2021-08-24','Completed'),
(5176,1008,201,'2021-07-06','2021-07-20','2021-07-20','Completed'),
(5177,1008,201,'2021-05-09','2021-05-24',NULL,'Pending'),
(5178,1008,201,'2021-11-01','2021-11-22','2021-11-21','Completed'),
(5179,1008,201,'2021-05-21','2021-06-11','2021-06-15','Completed'),
(5180,1008,201,'2021-11-28','2021-12-16','2021-12-22','Completed'),
(5181,1008,201,'2021-03-23','2021-04-05','2021-04-06','Completed'),
(5182,1008,201,'2021-08-03','2021-08-15','2021-08-16','Completed'),
(5183,1008,201,'2021-10-31','2021-11-12','2021-11-13','Completed'),
(5184,1008,201,'2021-02-27','2021-03-17',NULL,'Pending'),
(5185,1008,201,'2021-04-05','2021-04-25','2021-04-29','Completed'),
(5186,1008,201,'2021-02-06','2021-02-25','2021-02-26','Completed'),
(5187,1008,201,'2021-10-03','2021-10-20','2021-10-22','Completed'),
(5188,1008,201,'2021-02-26','2021-03-12','2021-03-16','Completed'),
(5189,1008,201,'2021-03-05','2021-03-21','2021-03-25','Completed'),
(5190,1008,201,'2021-11-22','2021-12-12','2021-12-09','Completed'),
(5191,1008,201,'2021-04-17','2021-05-06','2021-05-07','Completed'),
(5192,1008,201,'2021-06-07','2021-06-18','2021-06-23','Completed'),
(5193,1009,201,'2022-12-02','2022-12-21',NULL,'Pending'),
(5194,1009,201,'2022-08-13','2022-08-30','2022-09-03','Completed'),
(5195,1009,201,'2022-11-28','2022-12-14',NULL,'Pending'),
(5196,1009,201,'2022-12-14','2022-12-24',NULL,'Pending'),
(5197,1009,201,'2022-03-22','2022-04-04','2022-04-04','Completed'),
(5198,1009,201,'2022-03-13','2022-03-25','2022-03-25','Completed'),
(5199,1009,201,'2022-11-09','2022-11-20','2022-11-19','Completed'),
(5200,1009,201,'2022-08-28','2022-09-14','2022-09-20','Completed'),
(5201,1009,201,'2022-06-29','2022-07-09','2022-07-09','Completed'),
(5202,1009,201,'2022-06-24','2022-07-15','2022-07-19','Completed'),
(5203,1009,201,'2022-05-30','2022-06-13',NULL,'Pending'),
(5204,1009,201,'2022-05-12','2022-05-28',NULL,'Pending'),
(5205,1009,201,'2022-05-26','2022-06-15','2022-06-14','Completed'),
(5206,1009,201,'2022-04-13','2022-04-24','2022-04-21','Completed'),
(5207,1009,201,'2022-07-07','2022-07-26','2022-08-01','Completed'),
(5208,1009,201,'2022-09-12','2022-09-23',NULL,'Pending'),
(5209,1009,201,'2022-07-05','2022-07-26','2022-07-29','Completed'),
(5210,1009,201,'2022-10-14','2022-11-01','2022-11-05','Completed'),
(5211,1009,201,'2022-03-13','2022-04-01','2022-03-29','Completed'),
(5212,1009,201,'2022-07-15','2022-08-03','2022-08-04','Completed'),
(5213,1009,201,'2022-03-18','2022-03-31',NULL,'Pending'),
(5214,1009,201,'2022-02-10','2022-03-02',NULL,'Pending'),
(5215,1009,201,'2022-02-20','2022-03-04',NULL,'Pending'),
(5216,1009,201,'2022-09-14','2022-09-28',NULL,'Pending'),
(5217,1009,201,'2022-09-11','2022-10-01','2022-10-05','Completed'),
(5218,1009,201,'2022-09-28','2022-10-13','2022-10-16','Completed'),
(5219,1009,201,'2022-07-14','2022-08-03','2022-08-01','Completed'),
(5220,1010,201,'2020-08-28','2020-09-18','2020-09-22','Completed'),
(5221,1010,201,'2020-06-26','2020-07-16','2020-07-19','Completed'),
(5222,1010,201,'2020-11-07','2020-11-17','2020-11-21','Completed'),
(5223,1010,201,'2020-03-16','2020-03-31','2020-04-01','Completed'),
(5224,1010,201,'2020-07-14','2020-07-25','2020-07-28','Completed'),
(5225,1010,201,'2020-10-20','2020-10-30','2020-11-04','Completed'),
(5226,1010,201,'2020-09-23','2020-10-09','2020-10-06','Completed'),
(5227,1010,201,'2020-05-06','2020-05-24','2020-05-26','Completed'),
(5228,1010,201,'2020-12-14','2020-12-31','2021-01-04','Completed'),
(5229,1010,201,'2020-02-26','2020-03-10','2020-03-11','Completed'),
(5230,1010,201,'2020-11-07','2020-11-19','2020-11-20','Completed'),
(5231,1010,201,'2020-09-11','2020-10-02','2020-10-06','Completed'),
(5232,1010,201,'2020-04-02','2020-04-12','2020-04-18','Completed'),
(5233,1010,201,'2020-06-01','2020-06-22','2020-06-21','Completed'),
(5234,1010,201,'2020-07-08','2020-07-26','2020-07-23','Completed'),
(5235,1010,201,'2020-11-08','2020-11-24','2020-11-22','Completed'),
(5236,1010,201,'2020-05-25','2020-06-05','2020-06-09','Completed'),
(5237,1010,201,'2020-03-31','2020-04-20','2020-04-19','Completed'),
(5238,1010,201,'2020-10-12','2020-11-02','2020-11-03','Completed'),
(5239,1010,201,'2020-10-17','2020-11-07','2020-11-08','Completed'),
(5240,1010,201,'2020-08-30','2020-09-16','2020-09-20','Completed'),
(5241,1010,201,'2020-06-03','2020-06-20','2020-06-25','Completed'),
(5242,1010,201,'2020-04-14','2020-04-30','2020-04-30','Completed'),
(5243,1011,201,'2021-10-18','2021-11-08','2021-11-07','Completed'),
(5244,1011,201,'2021-06-21','2021-07-07',NULL,'Pending'),
(5245,1011,201,'2021-06-16','2021-06-26',NULL,'Pending'),
(5246,1011,201,'2021-07-02','2021-07-21',NULL,'Pending'),
(5247,1011,201,'2021-10-08','2021-10-20',NULL,'Pending'),
(5248,1011,201,'2021-10-05','2021-10-20',NULL,'Pending'),
(5249,1011,201,'2021-11-05','2021-11-21','2021-11-25','Completed'),
(5250,1011,201,'2021-05-07','2021-05-28',NULL,'Pending'),
(5251,1011,201,'2021-08-15','2021-08-28','2021-08-31','Completed'),
(5252,1011,201,'2021-07-12','2021-08-02',NULL,'Pending'),
(5253,1011,201,'2021-08-14','2021-08-30','2021-08-29','Completed'),
(5254,1011,201,'2021-02-18','2021-03-02',NULL,'Pending'),
(5255,1011,201,'2021-07-19','2021-07-30','2021-08-03','Completed'),
(5256,1011,201,'2021-10-27','2021-11-13',NULL,'Pending'),
(5257,1011,201,'2021-04-14','2021-04-30','2021-04-29','Completed'),
(5258,1011,201,'2021-09-28','2021-10-12',NULL,'Pending'),
(5259,1011,201,'2021-08-22','2021-09-11','2021-09-09','Completed'),
(5260,1011,201,'2021-10-31','2021-11-16',NULL,'Pending'),
(5261,1011,201,'2021-10-07','2021-10-25',NULL,'Pending'),
(5262,1011,201,'2021-03-07','2021-03-20','2021-03-21','Completed'),
(5263,1011,201,'2021-03-18','2021-04-03',NULL,'Pending'),
(5264,1011,201,'2021-03-23','2021-04-09',NULL,'Pending'),
(5265,1011,201,'2021-07-03','2021-07-13','2021-07-10','Completed'),
(5266,1011,201,'2021-02-28','2021-03-14','2021-03-16','Completed'),
(5267,1011,201,'2021-09-08','2021-09-20',NULL,'Pending'),
(5268,1011,201,'2021-08-29','2021-09-17','2021-09-16','Completed'),
(5269,1011,201,'2021-04-30','2021-05-11','2021-05-17','Completed'),
(5270,1012,201,'2022-06-03','2022-06-20','2022-06-26','Completed'),
(5271,1012,201,'2022-05-29','2022-06-15','2022-06-16','Completed'),
(5272,1012,201,'2022-06-10','2022-06-30','2022-06-27','Completed'),
(5273,1012,201,'2022-06-27','2022-07-17','2022-07-22','Completed'),
(5274,1012,201,'2022-03-09','2022-03-26',NULL,'Pending'),
(5275,1012,201,'2022-07-03','2022-07-23',NULL,'Pending'),
(5276,1012,201,'2022-06-08','2022-06-25','2022-06-26','Completed'),
(5277,1012,201,'2022-08-15','2022-09-01','2022-08-30','Completed'),
(5278,1012,201,'2022-08-14','2022-09-02',NULL,'Pending'),
(5279,1012,201,'2022-07-01','2022-07-22','2022-07-23','Completed'),
(5280,1012,201,'2022-08-21','2022-09-04',NULL,'Pending'),
(5281,1012,201,'2022-02-25','2022-03-16','2022-03-20','Completed'),
(5282,1012,201,'2022-05-28','2022-06-16','2022-06-18','Completed'),
(5283,1012,201,'2022-05-08','2022-05-27',NULL,'Pending'),
(5284,1012,201,'2022-04-11','2022-05-01',NULL,'Pending'),
(5285,1012,201,'2022-02-20','2022-03-06','2022-03-10','Completed'),
(5286,1012,201,'2022-11-23','2022-12-08','2022-12-07','Completed'),
(5287,1012,201,'2022-07-01','2022-07-16','2022-07-19','Completed'),
(5288,1012,201,'2022-05-13','2022-05-25','2022-05-30','Completed'),
(5289,1012,201,'2022-10-29','2022-11-16','2022-11-17','Completed'),
(5290,1012,201,'2022-06-11','2022-06-28',NULL,'Pending'),
(5291,1012,201,'2022-07-23','2022-08-03','2022-08-07','Completed'),
(5292,1012,201,'2022-04-13','2022-04-26',NULL,'Pending'),
(5293,1012,201,'2022-08-06','2022-08-17','2022-08-20','Completed'),
(5294,1012,201,'2022-06-15','2022-07-03','2022-07-01','Completed'),
(5295,1012,201,'2022-08-07','2022-08-27',NULL,'Pending'),
(5296,1012,201,'2022-08-14','2022-09-03','2022-09-05','Completed'),
(5297,1013,202,'2020-05-29','2020-06-15','2020-06-12','Completed'),
(5298,1013,202,'2020-12-13','2020-12-31','2021-01-02','Completed'),
(5299,1013,202,'2020-12-08','2020-12-21','2020-12-19','Completed'),
(5300,1013,202,'2020-09-24','2020-10-15','2020-10-16','Completed'),
(5301,1013,202,'2020-08-27','2020-09-07','2020-09-06','Completed'),
(5302,1013,202,'2020-02-23','2020-03-04','2020-03-05','Completed'),
(5303,1013,202,'2020-10-09','2020-10-20','2020-10-18','Completed'),
(5304,1013,202,'2020-05-30','2020-06-17','2020-06-16','Completed'),
(5305,1013,202,'2020-08-16','2020-09-02','2020-09-04','Completed'),
(5306,1013,202,'2020-11-02','2020-11-18','2020-11-24','Completed'),
(5307,1013,202,'2020-04-19','2020-05-05','2020-05-03','Completed'),
(5308,1013,202,'2020-10-07','2020-10-26','2020-10-29','Completed'),
(5309,1013,202,'2020-06-22','2020-07-02','2020-07-04','Completed'),
(5310,1013,202,'2020-05-21','2020-06-07','2020-06-11','Completed'),
(5311,1013,202,'2020-05-30','2020-06-14','2020-06-12','Completed'),
(5312,1013,202,'2020-08-06','2020-08-24','2020-08-26','Completed'),
(5313,1013,202,'2020-03-02','2020-03-18','2020-03-19','Completed'),
(5314,1013,202,'2020-05-07','2020-05-18','2020-05-22','Completed'),
(5315,1013,202,'2020-03-17','2020-04-06','2020-04-06','Completed'),
(5316,1013,202,'2020-12-01','2020-12-11','2020-12-08','Completed'),
(5317,1013,202,'2020-07-19','2020-08-01','2020-07-31','Completed'),
(5318,1013,202,'2020-11-15','2020-11-28','2020-11-26','Completed'),
(5319,1013,202,'2020-11-09','2020-11-22','2020-11-28','Completed'),
(5320,1013,202,'2020-05-20','2020-06-02','2020-06-04','Completed'),
(5321,1013,202,'2020-04-15','2020-05-04','2020-05-01','Completed'),
(5322,1013,202,'2020-06-20','2020-07-02','2020-07-01','Completed'),
(5323,1013,202,'2020-11-02','2020-11-16','2020-11-15','Completed'),
(5324,1013,202,'2020-03-27','2020-04-16','2020-04-13','Completed'),
(5325,1014,202,'2021-02-07','2021-02-22',NULL,'Pending'),
(5326,1014,202,'2021-07-15','2021-07-25','2021-07-24','Completed'),
(5327,1014,202,'2021-02-26','2021-03-10',NULL,'Pending'),
(5328,1014,202,'2021-03-30','2021-04-20','2021-04-18','Completed'),
(5329,1014,202,'2021-09-17','2021-10-02',NULL,'Pending'),
(5330,1014,202,'2021-03-27','2021-04-13','2021-04-18','Completed'),
(5331,1014,202,'2021-12-11','2021-12-21','2021-12-26','Completed'),
(5332,1014,202,'2021-09-22','2021-10-12','2021-10-09','Completed'),
(5333,1014,202,'2021-10-03','2021-10-19',NULL,'Pending'),
(5334,1014,202,'2021-03-27','2021-04-13','2021-04-17','Completed'),
(5335,1014,202,'2021-03-13','2021-03-28','2021-04-03','Completed'),
(5336,1014,202,'2021-03-05','2021-03-17',NULL,'Pending'),
(5337,1014,202,'2021-11-26','2021-12-14','2021-12-16','Completed'),
(5338,1014,202,'2021-12-02','2021-12-20','2021-12-21','Completed'),
(5339,1014,202,'2021-10-16','2021-11-04','2021-11-07','Completed'),
(5340,1014,202,'2021-03-30','2021-04-19',NULL,'Pending'),
(5341,1014,202,'2021-05-21','2021-06-06','2021-06-10','Completed'),
(5342,1014,202,'2021-08-30','2021-09-14','2021-09-18','Completed'),
(5343,1014,202,'2021-08-31','2021-09-21','2021-09-19','Completed'),
(5344,1014,202,'2021-09-06','2021-09-21','2021-09-22','Completed'),
(5345,1015,202,'2022-09-30','2022-10-11','2022-10-09','Completed'),
(5346,1015,202,'2022-03-19','2022-04-04',NULL,'Pending'),
(5347,1015,202,'2022-08-09','2022-08-21','2022-08-26','Completed'),
(5348,1015,202,'2022-11-27','2022-12-15','2022-12-20','Completed'),
(5349,1015,202,'2022-04-03','2022-04-19',NULL,'Pending'),
(5350,1015,202,'2022-09-04','2022-09-25','2022-09-22','Completed'),
(5351,1015,202,'2022-12-04','2022-12-18','2022-12-20','Completed'),
(5352,1015,202,'2022-11-22','2022-12-10','2022-12-10','Completed'),
(5353,1015,202,'2022-10-04','2022-10-17','2022-10-15','Completed'),
(5354,1015,202,'2022-11-11','2022-11-26','2022-11-24','Completed'),
(5355,1015,202,'2022-11-20','2022-12-03',NULL,'Pending'),
(5356,1015,202,'2022-12-15','2023-01-03','2023-01-08','Completed'),
(5357,1015,202,'2022-12-08','2022-12-28','2022-12-29','Completed'),
(5358,1015,202,'2022-05-03','2022-05-17','2022-05-18','Completed'),
(5359,1015,202,'2022-07-29','2022-08-08','2022-08-07','Completed'),
(5360,1015,202,'2022-11-16','2022-12-06','2022-12-09','Completed'),
(5361,1015,202,'2022-04-13','2022-05-04','2022-05-01','Completed'),
(5362,1015,202,'2022-10-29','2022-11-11','2022-11-14','Completed'),
(5363,1015,202,'2022-09-20','2022-10-05','2022-10-04','Completed'),
(5364,1015,202,'2022-07-09','2022-07-30',NULL,'Pending'),
(5365,1016,202,'2020-03-14','2020-03-24','2020-03-23','Completed'),
(5366,1016,202,'2020-04-20','2020-05-09','2020-05-06','Completed'),
(5367,1016,202,'2020-03-12','2020-03-26','2020-03-30','Completed'),
(5368,1016,202,'2020-09-04','2020-09-21','2020-09-27','Completed'),
(5369,1016,202,'2020-09-13','2020-09-29','2020-09-30','Completed'),
(5370,1016,202,'2020-05-20','2020-06-07','2020-06-05','Completed'),
(5371,1016,202,'2020-07-25','2020-08-10','2020-08-08','Completed'),
(5372,1016,202,'2020-06-24','2020-07-14','2020-07-20','Completed'),
(5373,1016,202,'2020-10-06','2020-10-24','2020-10-25','Completed'),
(5374,1016,202,'2020-02-23','2020-03-07','2020-03-10','Completed'),
(5375,1016,202,'2020-12-02','2020-12-12','2020-12-09','Completed'),
(5376,1016,202,'2020-05-14','2020-05-28','2020-05-28','Completed'),
(5377,1016,202,'2020-04-10','2020-04-24','2020-04-25','Completed'),
(5378,1016,202,'2020-07-16','2020-07-27','2020-07-24','Completed'),
(5379,1016,202,'2020-10-11','2020-11-01','2020-11-04','Completed'),
(5380,1016,202,'2020-04-29','2020-05-11','2020-05-14','Completed'),
(5381,1016,202,'2020-10-29','2020-11-19','2020-11-19','Completed'),
(5382,1016,202,'2020-10-13','2020-10-31','2020-11-02','Completed'),
(5383,1016,202,'2020-03-07','2020-03-23','2020-03-20','Completed'),
(5384,1016,202,'2020-09-10','2020-09-20','2020-09-24','Completed'),
(5385,1016,202,'2020-03-10','2020-03-25','2020-03-31','Completed'),
(5386,1016,202,'2020-09-06','2020-09-25','2020-09-28','Completed'),
(5387,1016,202,'2020-08-31','2020-09-14','2020-09-12','Completed'),
(5388,1016,202,'2020-08-25','2020-09-04','2020-09-06','Completed'),
(5389,1016,202,'2020-04-27','2020-05-16','2020-05-20','Completed'),
(5390,1016,202,'2020-08-03','2020-08-14','2020-08-17','Completed'),
(5391,1016,202,'2020-03-25','2020-04-07','2020-04-10','Completed'),
(5392,1017,202,'2021-08-24','2021-09-11','2021-09-09','Completed'),
(5393,1017,202,'2021-08-21','2021-09-04','2021-09-06','Completed'),
(5394,1017,202,'2021-05-24','2021-06-08','2021-06-07','Completed'),
(5395,1017,202,'2021-03-11','2021-03-29','2021-03-27','Completed'),
(5396,1017,202,'2021-10-29','2021-11-16','2021-11-16','Completed'),
(5397,1017,202,'2021-07-28','2021-08-12','2021-08-11','Completed'),
(5398,1017,202,'2021-05-31','2021-06-11','2021-06-10','Completed'),
(5399,1017,202,'2021-06-11','2021-06-24','2021-06-23','Completed'),
(5400,1017,202,'2021-12-05','2021-12-17','2021-12-15','Completed'),
(5401,1017,202,'2021-05-01','2021-05-21','2021-05-25','Completed'),
(5402,1017,202,'2021-09-25','2021-10-14','2021-10-20','Completed'),
(5403,1017,202,'2021-09-17','2021-10-07','2021-10-13','Completed'),
(5404,1017,202,'2021-12-16','2021-12-31','2022-01-02','Completed'),
(5405,1017,202,'2021-04-18','2021-05-05','2021-05-03','Completed'),
(5406,1017,202,'2021-09-28','2021-10-15','2021-10-16','Completed'),
(5407,1017,202,'2021-06-20','2021-07-09','2021-07-06','Completed'),
(5408,1017,202,'2021-07-30','2021-08-17','2021-08-15','Completed'),
(5409,1017,202,'2021-07-08','2021-07-25','2021-07-29','Completed'),
(5410,1017,202,'2021-02-19','2021-03-01','2021-03-03','Completed'),
(5411,1017,202,'2021-06-26','2021-07-07','2021-07-05','Completed'),
(5412,1017,202,'2021-12-11','2021-12-30','2022-01-04','Completed'),
(5413,1017,202,'2021-08-15','2021-09-01','2021-09-07','Completed'),
(5414,1017,202,'2021-11-10','2021-12-01','2021-11-28','Completed'),
(5415,1017,202,'2021-09-18','2021-10-07','2021-10-07','Completed'),
(5416,1017,202,'2021-07-14','2021-08-02','2021-08-06','Completed'),
(5417,1017,202,'2021-10-14','2021-10-26','2021-10-23','Completed'),
(5418,1017,202,'2021-09-18','2021-09-29','2021-10-01','Completed'),
(5419,1018,202,'2022-10-16','2022-11-05','2022-11-04','Completed'),
(5420,1018,202,'2022-06-06','2022-06-27','2022-07-01','Completed'),
(5421,1018,202,'2022-10-26','2022-11-13','2022-11-19','Completed'),
(5422,1018,202,'2022-08-05','2022-08-20','2022-08-21','Completed'),
(5423,1018,202,'2022-08-28','2022-09-12','2022-09-18','Completed'),
(5424,1018,202,'2022-07-21','2022-08-01','2022-08-03','Completed'),
(5425,1018,202,'2022-11-12','2022-12-02','2022-12-05','Completed'),
(5426,1018,202,'2022-06-09','2022-06-30','2022-07-06','Completed'),
(5427,1018,202,'2022-07-20','2022-07-31',NULL,'Pending'),
(5428,1018,202,'2022-04-13','2022-04-28',NULL,'Pending'),
(5429,1018,202,'2022-08-19','2022-08-31',NULL,'Pending'),
(5430,1018,202,'2022-03-15','2022-03-29','2022-04-03','Completed'),
(5431,1018,202,'2022-07-18','2022-07-30','2022-08-04','Completed'),
(5432,1018,202,'2022-09-04','2022-09-22','2022-09-24','Completed'),
(5433,1018,202,'2022-08-04','2022-08-18','2022-08-17','Completed'),
(5434,1018,202,'2022-07-24','2022-08-10','2022-08-10','Completed'),
(5435,1018,202,'2022-04-11','2022-04-23','2022-04-21','Completed'),
(5436,1018,202,'2022-03-23','2022-04-10',NULL,'Pending'),
(5437,1018,202,'2022-10-27','2022-11-06',NULL,'Pending'),
(5438,1019,202,'2020-12-01','2020-12-17','2020-12-16','Completed'),
(5439,1019,202,'2020-04-23','2020-05-05','2020-05-11','Completed'),
(5440,1019,202,'2020-04-24','2020-05-15','2020-05-19','Completed'),
(5441,1019,202,'2020-02-22','2020-03-09','2020-03-11','Completed'),
(5442,1019,202,'2020-05-31','2020-06-17','2020-06-23','Completed'),
(5443,1019,202,'2020-06-24','2020-07-15','2020-07-19','Completed'),
(5444,1019,202,'2020-05-29','2020-06-16','2020-06-16','Completed'),
(5445,1019,202,'2020-07-07','2020-07-24','2020-07-24','Completed'),
(5446,1019,202,'2020-08-06','2020-08-26','2020-09-01','Completed'),
(5447,1019,202,'2020-09-12','2020-09-29','2020-09-30','Completed'),
(5448,1019,202,'2020-08-13','2020-08-31','2020-09-05','Completed'),
(5449,1019,202,'2020-09-01','2020-09-13','2020-09-13','Completed'),
(5450,1019,202,'2020-12-05','2020-12-17','2020-12-18','Completed'),
(5451,1019,202,'2020-02-26','2020-03-17','2020-03-21','Completed'),
(5452,1019,202,'2020-08-08','2020-08-26','2020-08-24','Completed'),
(5453,1019,202,'2020-10-21','2020-11-01','2020-11-02','Completed'),
(5454,1019,202,'2020-03-13','2020-03-25','2020-03-26','Completed'),
(5455,1019,202,'2020-09-17','2020-10-05','2020-10-04','Completed'),
(5456,1019,202,'2020-09-10','2020-09-21','2020-09-21','Completed'),
(5457,1019,202,'2020-09-17','2020-10-02','2020-09-29','Completed'),
(5458,1020,202,'2021-02-27','2021-03-15','2021-03-20','Completed'),
(5459,1020,202,'2021-08-10','2021-08-23','2021-08-26','Completed'),
(5460,1020,202,'2021-03-13','2021-03-28','2021-03-28','Completed'),
(5461,1020,202,'2021-02-14','2021-03-01','2021-02-27','Completed'),
(5462,1020,202,'2021-07-21','2021-08-02','2021-08-01','Completed'),
(5463,1020,202,'2021-02-19','2021-03-05','2021-03-09','Completed'),
(5464,1020,202,'2021-04-12','2021-05-03','2021-05-07','Completed'),
(5465,1020,202,'2021-09-17','2021-10-06','2021-10-03','Completed'),
(5466,1020,202,'2021-03-12','2021-03-22','2021-03-23','Completed'),
(5467,1020,202,'2021-05-21','2021-06-02','2021-06-07','Completed'),
(5468,1020,202,'2021-12-08','2021-12-26','2021-12-29','Completed'),
(5469,1020,202,'2021-03-28','2021-04-11','2021-04-11','Completed'),
(5470,1020,202,'2021-07-04','2021-07-15','2021-07-12','Completed'),
(5471,1020,202,'2021-06-02','2021-06-18','2021-06-24','Completed'),
(5472,1020,202,'2021-09-22','2021-10-03','2021-10-01','Completed'),
(5473,1020,202,'2021-10-13','2021-11-01','2021-11-06','Completed'),
(5474,1020,202,'2021-02-08','2021-02-28','2021-03-05','Completed'),
(5475,1020,202,'2021-11-21','2021-12-04','2021-12-03','Completed'),
(5476,1020,202,'2021-06-29','2021-07-15','2021-07-12','Completed'),
(5477,1020,202,'2021-12-11','2021-12-26','2021-12-26','Completed'),
(5478,1020,202,'2021-11-19','2021-12-05','2021-12-04','Completed'),
(5479,1020,202,'2021-03-15','2021-04-02','2021-04-04','Completed'),
(5480,1020,202,'2021-03-06','2021-03-24','2021-03-29','Completed'),
(5481,1020,202,'2021-10-17','2021-11-04','2021-11-09','Completed'),
(5482,1021,202,'2022-08-18','2022-09-04',NULL,'Pending'),
(5483,1021,202,'2022-08-17','2022-09-01',NULL,'Pending'),
(5484,1021,202,'2022-02-08','2022-02-23','2022-02-21','Completed'),
(5485,1021,202,'2022-06-03','2022-06-24',NULL,'Pending'),
(5486,1021,202,'2022-07-20','2022-08-01','2022-07-29','Completed'),
(5487,1021,202,'2022-11-06','2022-11-21',NULL,'Pending'),
(5488,1021,202,'2022-09-25','2022-10-16',NULL,'Pending'),
(5489,1021,202,'2022-05-04','2022-05-16',NULL,'Pending'),
(5490,1021,202,'2022-09-22','2022-10-02','2022-10-03','Completed'),
(5491,1021,202,'2022-02-22','2022-03-07','2022-03-04','Completed'),
(5492,1021,202,'2022-07-08','2022-07-26',NULL,'Pending'),
(5493,1021,202,'2022-09-30','2022-10-14',NULL,'Pending'),
(5494,1021,202,'2022-05-08','2022-05-22','2022-05-24','Completed'),
(5495,1021,202,'2022-07-19','2022-08-02','2022-07-31','Completed'),
(5496,1021,202,'2022-09-11','2022-09-27','2022-10-01','Completed'),
(5497,1021,202,'2022-07-23','2022-08-04',NULL,'Pending'),
(5498,1021,202,'2022-10-12','2022-10-27','2022-11-01','Completed'),
(5499,1021,202,'2022-03-14','2022-04-04','2022-04-07','Completed'),
(5500,1022,202,'2020-12-04','2020-12-16','2020-12-21','Completed'),
(5501,1022,202,'2020-06-29','2020-07-14','2020-07-12','Completed'),
(5502,1022,202,'2020-03-11','2020-03-26','2020-03-27','Completed'),
(5503,1022,202,'2020-07-05','2020-07-22','2020-07-28','Completed'),
(5504,1022,202,'2020-09-05','2020-09-17','2020-09-21','Completed'),
(5505,1022,202,'2020-07-28','2020-08-14','2020-08-11','Completed'),
(5506,1022,202,'2020-07-29','2020-08-17','2020-08-20','Completed'),
(5507,1022,202,'2020-06-19','2020-07-09','2020-07-06','Completed'),
(5508,1022,202,'2020-03-09','2020-03-29','2020-04-01','Completed'),
(5509,1022,202,'2020-08-04','2020-08-22','2020-08-21','Completed'),
(5510,1022,202,'2020-02-15','2020-02-27','2020-03-04','Completed'),
(5511,1022,202,'2020-09-11','2020-09-21','2020-09-20','Completed'),
(5512,1022,202,'2020-03-05','2020-03-18','2020-03-20','Completed'),
(5513,1022,202,'2020-08-03','2020-08-19','2020-08-25','Completed'),
(5514,1022,202,'2020-02-16','2020-03-06','2020-03-05','Completed'),
(5515,1022,202,'2020-09-17','2020-10-02','2020-10-04','Completed'),
(5516,1022,202,'2020-09-14','2020-09-25','2020-10-01','Completed'),
(5517,1022,202,'2020-04-10','2020-04-28','2020-04-30','Completed'),
(5518,1022,202,'2020-08-21','2020-09-05','2020-09-06','Completed'),
(5519,1022,202,'2020-06-06','2020-06-17','2020-06-14','Completed'),
(5520,1022,202,'2020-05-05','2020-05-22','2020-05-27','Completed'),
(5521,1022,202,'2020-08-16','2020-09-03','2020-09-01','Completed'),
(5522,1022,202,'2020-06-13','2020-06-27','2020-07-01','Completed'),
(5523,1022,202,'2020-05-19','2020-06-07','2020-06-08','Completed'),
(5524,1023,202,'2021-05-13','2021-05-24','2021-05-23','Completed'),
(5525,1023,202,'2021-03-09','2021-03-26','2021-03-25','Completed'),
(5526,1023,202,'2021-09-15','2021-09-26','2021-09-28','Completed'),
(5527,1023,202,'2021-07-27','2021-08-17','2021-08-15','Completed'),
(5528,1023,202,'2021-11-08','2021-11-26','2021-11-27','Completed'),
(5529,1023,202,'2021-07-03','2021-07-15','2021-07-14','Completed'),
(5530,1023,202,'2021-08-04','2021-08-22','2021-08-22','Completed'),
(5531,1023,202,'2021-04-03','2021-04-16','2021-04-15','Completed'),
(5532,1023,202,'2021-06-01','2021-06-18','2021-06-15','Completed'),
(5533,1023,202,'2021-08-03','2021-08-21','2021-08-27','Completed'),
(5534,1023,202,'2021-08-07','2021-08-24','2021-08-29','Completed'),
(5535,1023,202,'2021-04-07','2021-04-26','2021-04-24','Completed'),
(5536,1023,202,'2021-03-05','2021-03-19','2021-03-22','Completed'),
(5537,1023,202,'2021-10-03','2021-10-21','2021-10-24','Completed'),
(5538,1023,202,'2021-08-28','2021-09-16','2021-09-14','Completed'),
(5539,1023,202,'2021-04-05','2021-04-20','2021-04-18','Completed'),
(5540,1023,202,'2021-09-18','2021-10-05','2021-10-10','Completed'),
(5541,1023,202,'2021-07-26','2021-08-07','2021-08-12','Completed'),
(5542,1023,202,'2021-11-27','2021-12-09','2021-12-08','Completed'),
(5543,1023,202,'2021-09-09','2021-09-27','2021-09-24','Completed'),
(5544,1023,202,'2021-04-04','2021-04-22','2021-04-21','Completed'),
(5545,1023,202,'2021-07-05','2021-07-17','2021-07-16','Completed'),
(5546,1023,202,'2021-07-15','2021-08-05','2021-08-05','Completed'),
(5547,1023,202,'2021-07-27','2021-08-14','2021-08-15','Completed'),
(5548,1023,202,'2021-03-12','2021-03-26','2021-03-26','Completed'),
(5549,1024,202,'2022-11-09','2022-11-23',NULL,'Pending'),
(5550,1024,202,'2022-07-05','2022-07-24','2022-07-29','Completed'),
(5551,1024,202,'2022-10-15','2022-11-04',NULL,'Pending'),
(5552,1024,202,'2022-11-24','2022-12-06',NULL,'Pending'),
(5553,1024,202,'2022-12-16','2023-01-06','2023-01-12','Completed'),
(5554,1024,202,'2022-11-15','2022-11-25','2022-11-22','Completed'),
(5555,1024,202,'2022-02-23','2022-03-15','2022-03-21','Completed'),
(5556,1024,202,'2022-05-18','2022-06-06',NULL,'Pending'),
(5557,1024,202,'2022-02-15','2022-03-04','2022-03-09','Completed'),
(5558,1024,202,'2022-07-04','2022-07-21',NULL,'Pending'),
(5559,1024,202,'2022-08-26','2022-09-09','2022-09-13','Completed'),
(5560,1024,202,'2022-03-02','2022-03-14','2022-03-18','Completed'),
(5561,1024,202,'2022-10-05','2022-10-22','2022-10-22','Completed'),
(5562,1024,202,'2022-12-07','2022-12-19',NULL,'Pending'),
(5563,1024,202,'2022-07-13','2022-08-03','2022-08-05','Completed'),
(5564,1024,202,'2022-04-07','2022-04-22',NULL,'Pending'),
(5565,1024,202,'2022-03-26','2022-04-10','2022-04-10','Completed'),
(5566,1024,202,'2022-04-03','2022-04-17','2022-04-21','Completed'),
(5567,1024,202,'2022-04-13','2022-04-24','2022-04-21','Completed'),
(5568,1024,202,'2022-08-15','2022-09-03','2022-09-06','Completed'),
(5569,1024,202,'2022-04-22','2022-05-07',NULL,'Pending'),
(5570,1024,202,'2022-07-10','2022-07-23','2022-07-22','Completed'),
(5571,1024,202,'2022-10-21','2022-11-07','2022-11-11','Completed'),
(5572,1024,202,'2022-10-12','2022-10-22','2022-10-20','Completed'),
(5573,1024,202,'2022-10-16','2022-11-02','2022-11-02','Completed'),
(5574,1024,202,'2022-11-25','2022-12-10','2022-12-07','Completed'),
(5575,1024,202,'2022-06-24','2022-07-11',NULL,'Pending'),
(5576,1024,202,'2022-09-28','2022-10-12','2022-10-17','Completed'),
(5577,1025,203,'2020-09-07','2020-09-19','2020-09-20','Completed'),
(5578,1025,203,'2020-08-05','2020-08-21','2020-08-23','Completed'),
(5579,1025,203,'2020-02-23','2020-03-10','2020-03-07','Completed'),
(5580,1025,203,'2020-11-17','2020-12-05','2020-12-05','Completed'),
(5581,1025,203,'2020-08-03','2020-08-21','2020-08-22','Completed'),
(5582,1025,203,'2020-03-08','2020-03-24','2020-03-29','Completed'),
(5583,1025,203,'2020-09-17','2020-10-05','2020-10-06','Completed'),
(5584,1025,203,'2020-12-15','2021-01-04','2021-01-10','Completed'),
(5585,1025,203,'2020-03-31','2020-04-12','2020-04-10','Completed'),
(5586,1025,203,'2020-08-19','2020-09-03','2020-09-05','Completed'),
(5587,1025,203,'2020-11-11','2020-11-26','2020-11-25','Completed'),
(5588,1025,203,'2020-05-11','2020-05-30','2020-06-04','Completed'),
(5589,1025,203,'2020-08-23','2020-09-10','2020-09-07','Completed'),
(5590,1025,203,'2020-02-23','2020-03-04','2020-03-03','Completed'),
(5591,1025,203,'2020-07-19','2020-08-05','2020-08-10','Completed'),
(5592,1025,203,'2020-09-20','2020-10-02','2020-10-08','Completed'),
(5593,1025,203,'2020-10-20','2020-11-01','2020-11-03','Completed'),
(5594,1025,203,'2020-12-09','2020-12-24','2020-12-23','Completed'),
(5595,1025,203,'2020-08-19','2020-09-07','2020-09-08','Completed'),
(5596,1026,203,'2021-07-22','2021-08-09','2021-08-14','Completed'),
(5597,1026,203,'2021-10-30','2021-11-16','2021-11-22','Completed'),
(5598,1026,203,'2021-07-03','2021-07-20','2021-07-17','Completed'),
(5599,1026,203,'2021-08-07','2021-08-22','2021-08-20','Completed'),
(5600,1026,203,'2021-09-01','2021-09-20','2021-09-21','Completed'),
(5601,1026,203,'2021-02-13','2021-03-04','2021-03-08','Completed'),
(5602,1026,203,'2021-06-15','2021-07-05','2021-07-11','Completed'),
(5603,1026,203,'2021-11-22','2021-12-05','2021-12-02','Completed'),
(5604,1026,203,'2021-11-25','2021-12-12','2021-12-11','Completed'),
(5605,1026,203,'2021-10-26','2021-11-15','2021-11-21','Completed'),
(5606,1026,203,'2021-08-13','2021-08-25','2021-08-25','Completed'),
(5607,1026,203,'2021-02-16','2021-03-07','2021-03-05','Completed'),
(5608,1026,203,'2021-05-08','2021-05-18','2021-05-22','Completed'),
(5609,1026,203,'2021-07-10','2021-07-26','2021-07-25','Completed'),
(5610,1026,203,'2021-08-30','2021-09-20','2021-09-20','Completed'),
(5611,1026,203,'2021-08-29','2021-09-16','2021-09-22','Completed'),
(5612,1026,203,'2021-09-29','2021-10-20','2021-10-17','Completed'),
(5613,1026,203,'2021-04-11','2021-04-29','2021-04-29','Completed'),
(5614,1026,203,'2021-11-14','2021-11-29','2021-12-03','Completed'),
(5615,1026,203,'2021-10-27','2021-11-12','2021-11-14','Completed'),
(5616,1026,203,'2021-04-29','2021-05-16','2021-05-21','Completed'),
(5617,1026,203,'2021-07-25','2021-08-12','2021-08-14','Completed'),
(5618,1026,203,'2021-06-15','2021-07-04','2021-07-08','Completed'),
(5619,1026,203,'2021-05-09','2021-05-22','2021-05-23','Completed'),
(5620,1026,203,'2021-11-12','2021-11-26','2021-11-26','Completed'),
(5621,1026,203,'2021-07-02','2021-07-16','2021-07-16','Completed'),
(5622,1026,203,'2021-10-08','2021-10-23','2021-10-27','Completed'),
(5623,1027,203,'2022-11-13','2022-12-04','2022-12-05','Completed'),
(5624,1027,203,'2022-04-03','2022-04-22','2022-04-27','Completed'),
(5625,1027,203,'2022-08-21','2022-09-05','2022-09-04','Completed'),
(5626,1027,203,'2022-02-21','2022-03-07','2022-03-05','Completed'),
(5627,1027,203,'2022-09-14','2022-10-04',NULL,'Pending'),
(5628,1027,203,'2022-10-03','2022-10-16',NULL,'Pending'),
(5629,1027,203,'2022-06-18','2022-07-06','2022-07-07','Completed'),
(5630,1027,203,'2022-03-27','2022-04-15','2022-04-21','Completed'),
(5631,1027,203,'2022-06-04','2022-06-14','2022-06-19','Completed'),
(5632,1027,203,'2022-05-30','2022-06-09','2022-06-07','Completed'),
(5633,1027,203,'2022-07-19','2022-08-09','2022-08-13','Completed'),
(5634,1027,203,'2022-04-11','2022-04-21','2022-04-26','Completed'),
(5635,1027,203,'2022-08-27','2022-09-16','2022-09-20','Completed'),
(5636,1027,203,'2022-05-13','2022-05-27','2022-05-29','Completed'),
(5637,1027,203,'2022-03-02','2022-03-13','2022-03-19','Completed'),
(5638,1027,203,'2022-10-31','2022-11-21','2022-11-18','Completed'),
(5639,1027,203,'2022-09-01','2022-09-13','2022-09-10','Completed'),
(5640,1027,203,'2022-10-11','2022-10-23','2022-10-24','Completed'),
(5641,1027,203,'2022-02-04','2022-02-18',NULL,'Pending'),
(5642,1027,203,'2022-03-26','2022-04-10','2022-04-11','Completed'),
(5643,1027,203,'2022-11-05','2022-11-23','2022-11-27','Completed'),
(5644,1027,203,'2022-10-16','2022-11-02','2022-11-03','Completed'),
(5645,1027,203,'2022-03-29','2022-04-13',NULL,'Pending'),
(5646,1028,203,'2020-06-10','2020-07-01','2020-06-30','Completed'),
(5647,1028,203,'2020-02-07','2020-02-28','2020-03-01','Completed'),
(5648,1028,203,'2020-06-30','2020-07-19','2020-07-19','Completed'),
(5649,1028,203,'2020-04-29','2020-05-18','2020-05-21','Completed'),
(5650,1028,203,'2020-09-05','2020-09-23','2020-09-25','Completed'),
(5651,1028,203,'2020-03-15','2020-03-31','2020-03-29','Completed'),
(5652,1028,203,'2020-05-04','2020-05-16','2020-05-20','Completed'),
(5653,1028,203,'2020-07-14','2020-07-27','2020-07-24','Completed'),
(5654,1028,203,'2020-06-12','2020-06-28','2020-06-28','Completed'),
(5655,1028,203,'2020-09-15','2020-09-29','2020-10-01','Completed'),
(5656,1028,203,'2020-07-03','2020-07-22','2020-07-28','Completed'),
(5657,1028,203,'2020-02-05','2020-02-19','2020-02-21','Completed'),
(5658,1028,203,'2020-05-30','2020-06-09','2020-06-07','Completed'),
(5659,1028,203,'2020-09-25','2020-10-09','2020-10-08','Completed'),
(5660,1028,203,'2020-08-25','2020-09-14','2020-09-19','Completed'),
(5661,1028,203,'2020-07-08','2020-07-29','2020-07-27','Completed'),
(5662,1028,203,'2020-06-30','2020-07-15','2020-07-21','Completed'),
(5663,1028,203,'2020-05-23','2020-06-05','2020-06-04','Completed'),
(5664,1028,203,'2020-10-01','2020-10-13','2020-10-17','Completed'),
(5665,1028,203,'2020-12-06','2020-12-21','2020-12-24','Completed'),
(5666,1028,203,'2020-11-07','2020-11-24','2020-11-29','Completed'),
(5667,1028,203,'2020-05-21','2020-06-03','2020-06-09','Completed'),
(5668,1028,203,'2020-03-12','2020-03-30','2020-04-03','Completed'),
(5669,1028,203,'2020-10-27','2020-11-17','2020-11-19','Completed'),
(5670,1028,203,'2020-03-10','2020-03-29','2020-03-27','Completed'),
(5671,1029,203,'2021-11-07','2021-11-25',NULL,'Pending'),
(5672,1029,203,'2021-11-01','2021-11-13','2021-11-12','Completed'),
(5673,1029,203,'2021-10-24','2021-11-10',NULL,'Pending'),
(5674,1029,203,'2021-05-16','2021-06-06','2021-06-12','Completed'),
(5675,1029,203,'2021-03-18','2021-04-05','2021-04-09','Completed'),
(5676,1029,203,'2021-09-20','2021-10-02','2021-10-07','Completed'),
(5677,1029,203,'2021-09-21','2021-10-10',NULL,'Pending'),
(5678,1029,203,'2021-09-24','2021-10-14',NULL,'Pending'),
(5679,1029,203,'2021-02-11','2021-02-27','2021-02-28','Completed'),
(5680,1029,203,'2021-05-22','2021-06-10','2021-06-08','Completed'),
(5681,1029,203,'2021-09-04','2021-09-19',NULL,'Pending'),
(5682,1029,203,'2021-03-02','2021-03-13','2021-03-17','Completed'),
(5683,1029,203,'2021-06-26','2021-07-12','2021-07-11','Completed'),
(5684,1029,203,'2021-09-03','2021-09-18','2021-09-21','Completed'),
(5685,1029,203,'2021-08-12','2021-08-28',NULL,'Pending'),
(5686,1029,203,'2021-11-03','2021-11-15','2021-11-17','Completed'),
(5687,1029,203,'2021-05-02','2021-05-20',NULL,'Pending'),
(5688,1029,203,'2021-04-06','2021-04-27','2021-04-27','Completed'),
(5689,1030,203,'2022-07-02','2022-07-19','2022-07-24','Completed'),
(5690,1030,203,'2022-10-30','2022-11-15','2022-11-15','Completed'),
(5691,1030,203,'2022-09-23','2022-10-08','2022-10-07','Completed'),
(5692,1030,203,'2022-05-07','2022-05-28','2022-05-26','Completed'),
(5693,1030,203,'2022-09-02','2022-09-21','2022-09-18','Completed'),
(5694,1030,203,'2022-05-16','2022-05-27',NULL,'Pending'),
(5695,1030,203,'2022-02-17','2022-03-06',NULL,'Pending'),
(5696,1030,203,'2022-02-24','2022-03-09','2022-03-06','Completed'),
(5697,1030,203,'2022-09-12','2022-09-25','2022-09-30','Completed'),
(5698,1030,203,'2022-02-28','2022-03-12','2022-03-17','Completed'),
(5699,1030,203,'2022-05-30','2022-06-20','2022-06-26','Completed'),
(5700,1030,203,'2022-11-22','2022-12-11','2022-12-13','Completed'),
(5701,1030,203,'2022-07-04','2022-07-16','2022-07-21','Completed'),
(5702,1030,203,'2022-08-30','2022-09-13','2022-09-14','Completed'),
(5703,1030,203,'2022-11-12','2022-12-01',NULL,'Pending'),
(5704,1030,203,'2022-09-06','2022-09-24','2022-09-28','Completed'),
(5705,1030,203,'2022-07-26','2022-08-15',NULL,'Pending'),
(5706,1030,203,'2022-07-13','2022-08-03','2022-08-06','Completed'),
(5707,1031,203,'2020-07-02','2020-07-18','2020-07-17','Completed'),
(5708,1031,203,'2020-11-01','2020-11-18','2020-11-18','Completed'),
(5709,1031,203,'2020-05-25','2020-06-08','2020-06-07','Completed'),
(5710,1031,203,'2020-09-24','2020-10-04','2020-10-09','Completed'),
(5711,1031,203,'2020-08-29','2020-09-14','2020-09-19','Completed'),
(5712,1031,203,'2020-10-28','2020-11-09','2020-11-12','Completed'),
(5713,1031,203,'2020-06-03','2020-06-17','2020-06-17','Completed'),
(5714,1031,203,'2020-07-18','2020-08-07','2020-08-05','Completed'),
(5715,1031,203,'2020-09-17','2020-10-02','2020-09-30','Completed'),
(5716,1031,203,'2020-10-31','2020-11-21','2020-11-21','Completed'),
(5717,1031,203,'2020-02-26','2020-03-11','2020-03-14','Completed'),
(5718,1031,203,'2020-12-05','2020-12-24','2020-12-21','Completed'),
(5719,1031,203,'2020-03-08','2020-03-21','2020-03-27','Completed'),
(5720,1031,203,'2020-11-12','2020-11-25','2020-11-29','Completed'),
(5721,1031,203,'2020-05-16','2020-05-31','2020-06-01','Completed'),
(5722,1031,203,'2020-02-07','2020-02-20','2020-02-20','Completed'),
(5723,1031,203,'2020-03-31','2020-04-21','2020-04-25','Completed'),
(5724,1031,203,'2020-06-03','2020-06-24','2020-06-30','Completed'),
(5725,1031,203,'2020-05-14','2020-05-30','2020-05-30','Completed'),
(5726,1031,203,'2020-11-08','2020-11-23','2020-11-24','Completed'),
(5727,1032,203,'2021-09-26','2021-10-14','2021-10-16','Completed'),
(5728,1032,203,'2021-06-13','2021-06-28','2021-07-03','Completed'),
(5729,1032,203,'2021-09-26','2021-10-07','2021-10-11','Completed'),
(5730,1032,203,'2021-05-15','2021-05-30','2021-06-01','Completed'),
(5731,1032,203,'2021-02-23','2021-03-14',NULL,'Pending'),
(5732,1032,203,'2021-04-15','2021-04-25',NULL,'Pending'),
(5733,1032,203,'2021-11-26','2021-12-15','2021-12-18','Completed'),
(5734,1032,203,'2021-04-19','2021-05-02','2021-05-04','Completed'),
(5735,1032,203,'2021-08-13','2021-09-01','2021-09-01','Completed'),
(5736,1032,203,'2021-11-08','2021-11-28','2021-11-30','Completed'),
(5737,1032,203,'2021-10-08','2021-10-29','2021-11-02','Completed'),
(5738,1032,203,'2021-04-27','2021-05-18','2021-05-20','Completed'),
(5739,1032,203,'2021-04-12','2021-05-03','2021-05-08','Completed'),
(5740,1032,203,'2021-05-05','2021-05-23',NULL,'Pending'),
(5741,1032,203,'2021-02-17','2021-02-28','2021-02-25','Completed'),
(5742,1032,203,'2021-08-30','2021-09-11','2021-09-11','Completed'),
(5743,1032,203,'2021-04-18','2021-04-28',NULL,'Pending'),
(5744,1032,203,'2021-09-21','2021-10-06',NULL,'Pending'),
(5745,1032,203,'2021-12-12','2021-12-29','2022-01-02','Completed'),
(5746,1032,203,'2021-02-03','2021-02-21','2021-02-26','Completed'),
(5747,1032,203,'2021-02-06','2021-02-16',NULL,'Pending'),
(5748,1032,203,'2021-06-20','2021-07-08','2021-07-09','Completed'),
(5749,1032,203,'2021-10-15','2021-11-05','2021-11-08','Completed'),
(5750,1032,203,'2021-03-26','2021-04-06','2021-04-11','Completed'),
(5751,1033,203,'2022-05-09','2022-05-28','2022-06-02','Completed'),
(5752,1033,203,'2022-07-31','2022-08-14','2022-08-17','Completed'),
(5753,1033,203,'2022-08-10','2022-08-26',NULL,'Pending'),
(5754,1033,203,'2022-06-04','2022-06-25','2022-06-25','Completed'),
(5755,1033,203,'2022-03-13','2022-04-02','2022-03-30','Completed'),
(5756,1033,203,'2022-08-26','2022-09-11',NULL,'Pending'),
(5757,1033,203,'2022-10-01','2022-10-11',NULL,'Pending'),
(5758,1033,203,'2022-04-28','2022-05-09','2022-05-13','Completed'),
(5759,1033,203,'2022-07-19','2022-08-07',NULL,'Pending'),
(5760,1033,203,'2022-02-21','2022-03-06',NULL,'Pending'),
(5761,1033,203,'2022-11-17','2022-12-04','2022-12-05','Completed'),
(5762,1033,203,'2022-03-10','2022-03-30',NULL,'Pending'),
(5763,1033,203,'2022-11-15','2022-12-05','2022-12-02','Completed'),
(5764,1033,203,'2022-07-11','2022-07-21',NULL,'Pending'),
(5765,1033,203,'2022-04-14','2022-05-05','2022-05-08','Completed'),
(5766,1033,203,'2022-07-03','2022-07-15','2022-07-21','Completed'),
(5767,1033,203,'2022-11-17','2022-12-03','2022-12-08','Completed'),
(5768,1033,203,'2022-08-15','2022-09-05',NULL,'Pending'),
(5769,1033,203,'2022-03-12','2022-03-30','2022-04-01','Completed'),
(5770,1033,203,'2022-03-22','2022-04-07','2022-04-07','Completed'),
(5771,1033,203,'2022-07-24','2022-08-12',NULL,'Pending'),
(5772,1034,203,'2020-07-16','2020-07-26','2020-07-27','Completed'),
(5773,1034,203,'2020-09-17','2020-10-04','2020-10-04','Completed'),
(5774,1034,203,'2020-07-31','2020-08-18','2020-08-21','Completed'),
(5775,1034,203,'2020-09-08','2020-09-20','2020-09-26','Completed'),
(5776,1034,203,'2020-08-12','2020-08-23','2020-08-29','Completed'),
(5777,1034,203,'2020-06-30','2020-07-13','2020-07-11','Completed'),
(5778,1034,203,'2020-03-13','2020-03-27','2020-03-26','Completed'),
(5779,1034,203,'2020-08-12','2020-09-02','2020-09-01','Completed'),
(5780,1034,203,'2020-08-17','2020-09-01','2020-09-03','Completed'),
(5781,1034,203,'2020-03-25','2020-04-05','2020-04-02','Completed'),
(5782,1034,203,'2020-07-06','2020-07-23','2020-07-25','Completed'),
(5783,1034,203,'2020-06-17','2020-06-28','2020-06-27','Completed'),
(5784,1034,203,'2020-03-15','2020-03-27','2020-03-30','Completed'),
(5785,1034,203,'2020-09-16','2020-10-04','2020-10-09','Completed'),
(5786,1034,203,'2020-10-19','2020-11-04','2020-11-02','Completed'),
(5787,1034,203,'2020-02-13','2020-02-24','2020-02-26','Completed'),
(5788,1034,203,'2020-11-09','2020-11-20','2020-11-26','Completed'),
(5789,1034,203,'2020-12-02','2020-12-17','2020-12-20','Completed'),
(5790,1034,203,'2020-02-06','2020-02-20','2020-02-23','Completed'),
(5791,1034,203,'2020-08-16','2020-08-27','2020-09-01','Completed'),
(5792,1034,203,'2020-06-03','2020-06-22','2020-06-27','Completed'),
(5793,1034,203,'2020-04-26','2020-05-16','2020-05-19','Completed'),
(5794,1034,203,'2020-04-26','2020-05-08','2020-05-09','Completed'),
(5795,1034,203,'2020-07-03','2020-07-17','2020-07-21','Completed'),
(5796,1035,203,'2021-03-04','2021-03-16','2021-03-19','Completed'),
(5797,1035,203,'2021-09-03','2021-09-17','2021-09-21','Completed'),
(5798,1035,203,'2021-08-03','2021-08-17',NULL,'Pending'),
(5799,1035,203,'2021-12-17','2022-01-03',NULL,'Pending'),
(5800,1035,203,'2021-05-11','2021-05-28','2021-05-26','Completed'),
(5801,1035,203,'2021-07-05','2021-07-15','2021-07-18','Completed'),
(5802,1035,203,'2021-12-14','2021-12-30','2022-01-01','Completed'),
(5803,1035,203,'2021-07-21','2021-08-06','2021-08-12','Completed'),
(5804,1035,203,'2021-07-03','2021-07-18',NULL,'Pending'),
(5805,1035,203,'2021-05-13','2021-05-30','2021-06-01','Completed'),
(5806,1035,203,'2021-08-22','2021-09-06',NULL,'Pending'),
(5807,1035,203,'2021-10-09','2021-10-28','2021-10-28','Completed'),
(5808,1035,203,'2021-08-11','2021-08-25','2021-08-28','Completed'),
(5809,1035,203,'2021-03-30','2021-04-18',NULL,'Pending'),
(5810,1035,203,'2021-11-06','2021-11-18','2021-11-23','Completed'),
(5811,1035,203,'2021-09-24','2021-10-15','2021-10-15','Completed'),
(5812,1035,203,'2021-06-29','2021-07-20','2021-07-18','Completed'),
(5813,1035,203,'2021-10-13','2021-10-25','2021-10-26','Completed'),
(5814,1035,203,'2021-06-09','2021-06-29',NULL,'Pending'),
(5815,1035,203,'2021-09-04','2021-09-20','2021-09-18','Completed'),
(5816,1036,203,'2022-10-03','2022-10-22',NULL,'Pending'),
(5817,1036,203,'2022-10-17','2022-11-07',NULL,'Pending'),
(5818,1036,203,'2022-02-18','2022-03-05',NULL,'Pending'),
(5819,1036,203,'2022-03-15','2022-03-26',NULL,'Pending'),
(5820,1036,203,'2022-07-31','2022-08-12','2022-08-18','Completed'),
(5821,1036,203,'2022-11-15','2022-12-05','2022-12-08','Completed'),
(5822,1036,203,'2022-09-08','2022-09-19','2022-09-16','Completed'),
(5823,1036,203,'2022-06-12','2022-06-25',NULL,'Pending'),
(5824,1036,203,'2022-10-23','2022-11-10',NULL,'Pending'),
(5825,1036,203,'2022-11-21','2022-12-04','2022-12-08','Completed'),
(5826,1036,203,'2022-08-19','2022-09-05',NULL,'Pending'),
(5827,1036,203,'2022-10-14','2022-10-26','2022-10-28','Completed'),
(5828,1036,203,'2022-10-05','2022-10-16','2022-10-17','Completed'),
(5829,1036,203,'2022-03-15','2022-03-26','2022-03-25','Completed'),
(5830,1036,203,'2022-07-09','2022-07-24','2022-07-28','Completed'),
(5831,1036,203,'2022-10-24','2022-11-10','2022-11-12','Completed'),
(5832,1036,203,'2022-03-21','2022-04-07','2022-04-11','Completed'),
(5833,1036,203,'2022-03-06','2022-03-20',NULL,'Pending'),
(5834,1036,203,'2022-03-30','2022-04-09',NULL,'Pending'),
(5835,1036,203,'2022-03-27','2022-04-16',NULL,'Pending'),
(5836,1036,203,'2022-06-04','2022-06-22',NULL,'Pending'),
(5837,1036,203,'2022-04-22','2022-05-07','2022-05-12','Completed'),
(5838,1036,203,'2022-09-24','2022-10-07',NULL,'Pending'),
(5839,1036,203,'2022-05-05','2022-05-17','2022-05-20','Completed'),
(5840,1036,203,'2022-02-14','2022-03-07','2022-03-13','Completed'),
(5841,1036,203,'2022-09-18','2022-10-07','2022-10-10','Completed'),
(5842,1036,203,'2022-02-02','2022-02-23','2022-02-23','Completed');

-- INVENTORY MOVEMENTS
INSERT INTO inventory_movement (movement_id, unit_id, material_id, supplier_id, order_id, movement_type, quantity, movement_date, notes)
VALUES
(9869,202,1310,NULL,NULL,'CONSUMPTION',38.86,'2020-01-01','Production use'),
(10529,203,1300,NULL,NULL,'CONSUMPTION',73.23,'2020-01-01','Production use'),
(10628,201,1310,NULL,NULL,'CONSUMPTION',55.7,'2020-01-02','Production use'),
(10051,202,1400,NULL,NULL,'CONSUMPTION',56.16,'2020-01-03','Production use'),
(10730,203,1310,NULL,NULL,'CONSUMPTION',42.5,'2020-01-03','Production use'),
(10815,201,1400,NULL,NULL,'CONSUMPTION',11.88,'2020-01-06','Production use'),
(10415,201,1310,NULL,NULL,'CONSUMPTION',77.23,'2020-01-08','Production use'),
(9795,201,1400,NULL,NULL,'CONSUMPTION',11.25,'2020-01-09','Production use'),
(9887,201,1310,NULL,NULL,'CONSUMPTION',77.47,'2020-01-09','Production use'),
(10868,201,1310,NULL,NULL,'CONSUMPTION',73.12,'2020-01-09','Production use'),
(11065,203,1300,NULL,NULL,'CONSUMPTION',79.86,'2020-01-09','Production use'),
(9787,202,1300,NULL,NULL,'CONSUMPTION',54.41,'2020-01-10','Production use'),
(10096,202,1400,NULL,NULL,'CONSUMPTION',75.08,'2020-01-10','Production use'),
(10076,201,1310,NULL,NULL,'CONSUMPTION',37.24,'2020-01-11','Production use'),
(10717,203,1300,NULL,NULL,'CONSUMPTION',76.24,'2020-01-11','Production use'),
(10024,202,1400,NULL,NULL,'CONSUMPTION',65.49,'2020-01-14','Production use'),
(10060,202,1200,NULL,NULL,'CONSUMPTION',23.23,'2020-01-15','Production use'),
(10191,202,1200,NULL,NULL,'CONSUMPTION',51.79,'2020-01-15','Production use'),
(10129,202,1400,NULL,NULL,'CONSUMPTION',32.1,'2020-01-18','Production use'),
(10339,201,1200,NULL,NULL,'CONSUMPTION',42.55,'2020-01-18','Production use'),
(10603,202,1300,NULL,NULL,'CONSUMPTION',48.33,'2020-01-18','Production use'),
(9746,201,1200,NULL,NULL,'CONSUMPTION',70.52,'2020-01-19','Production use'),
(9941,202,1400,NULL,NULL,'CONSUMPTION',79.76,'2020-01-19','Production use'),
(9815,203,1400,NULL,NULL,'CONSUMPTION',58.0,'2020-01-20','Production use'),
(10186,202,1200,NULL,NULL,'CONSUMPTION',20.9,'2020-01-22','Production use'),
(10303,201,1400,NULL,NULL,'CONSUMPTION',62.34,'2020-01-24','Production use'),
(10798,202,1300,NULL,NULL,'CONSUMPTION',37.03,'2020-01-25','Production use'),
(9708,203,1200,NULL,NULL,'CONSUMPTION',42.07,'2020-01-26','Production use'),
(9851,202,1200,NULL,NULL,'CONSUMPTION',55.85,'2020-01-26','Production use'),
(10416,203,1300,NULL,NULL,'CONSUMPTION',63.58,'2020-01-26','Production use'),
(9826,202,1300,NULL,NULL,'CONSUMPTION',26.42,'2020-01-27','Production use'),
(10577,202,1200,NULL,NULL,'CONSUMPTION',70.05,'2020-01-30','Production use'),
(10380,202,1310,NULL,NULL,'CONSUMPTION',63.52,'2020-01-31','Production use'),
(10091,203,1300,NULL,NULL,'CONSUMPTION',24.02,'2020-02-01','Production use'),
(10491,201,1310,NULL,NULL,'CONSUMPTION',29.15,'2020-02-01','Production use'),
(10546,201,1310,NULL,NULL,'CONSUMPTION',10.81,'2020-02-02','Production use'),
(10824,202,1300,NULL,NULL,'CONSUMPTION',45.88,'2020-02-05','Production use'),
(10844,201,1300,NULL,NULL,'CONSUMPTION',67.32,'2020-02-05','Production use'),
(10335,203,1400,NULL,NULL,'CONSUMPTION',58.91,'2020-02-07','Production use'),
(9999,203,1400,NULL,NULL,'CONSUMPTION',15.28,'2020-02-08','Production use'),
(10037,202,1310,NULL,NULL,'CONSUMPTION',51.96,'2020-02-08','Production use'),
(10248,202,1310,NULL,NULL,'CONSUMPTION',61.36,'2020-02-08','Production use'),
(9811,203,1310,NULL,NULL,'CONSUMPTION',17.57,'2020-02-10','Production use'),
(10929,201,1300,NULL,NULL,'CONSUMPTION',33.63,'2020-02-10','Production use'),
(10970,203,1400,NULL,NULL,'CONSUMPTION',44.01,'2020-02-10','Production use'),
(9720,202,1200,NULL,NULL,'CONSUMPTION',72.79,'2020-02-11','Production use'),
(10237,202,1400,NULL,NULL,'CONSUMPTION',61.32,'2020-02-13','Production use'),
(10288,201,1400,NULL,NULL,'CONSUMPTION',69.9,'2020-02-14','Production use'),
(10347,202,1400,NULL,NULL,'CONSUMPTION',49.25,'2020-02-14','Production use'),
(9076,201,1300,7,5092,'RECEIPT',54.01,'2020-02-15','Delivery per order'),
(10032,203,1310,NULL,NULL,'CONSUMPTION',68.34,'2020-02-15','Production use'),
(10204,201,1200,NULL,NULL,'CONSUMPTION',77.88,'2020-02-15','Production use'),
(10331,202,1200,NULL,NULL,'CONSUMPTION',41.5,'2020-02-16','Production use'),
(10757,201,1400,NULL,NULL,'CONSUMPTION',46.45,'2020-02-16','Production use'),
(10166,202,1310,NULL,NULL,'CONSUMPTION',21.71,'2020-02-17','Production use'),
(11014,203,1300,NULL,NULL,'CONSUMPTION',25.71,'2020-02-17','Production use'),
(9957,203,1400,NULL,NULL,'CONSUMPTION',58.02,'2020-02-18','Production use'),
(10607,202,1200,NULL,NULL,'CONSUMPTION',23.52,'2020-02-18','Production use'),
(10322,202,1300,NULL,NULL,'CONSUMPTION',51.57,'2020-02-19','Production use'),
(10727,201,1310,NULL,NULL,'CONSUMPTION',59.23,'2020-02-19','Production use'),
(9608,203,1310,7,5722,'RECEIPT',82.96,'2020-02-20','Delivery per order'),
(9554,203,1300,8,5657,'RECEIPT',31.33,'2020-02-21','Delivery per order'),
(9908,201,1200,NULL,NULL,'CONSUMPTION',46.59,'2020-02-21','Production use'),
(10779,202,1200,NULL,NULL,'CONSUMPTION',18.5,'2020-02-21','Production use'),
(9661,203,1400,2,5790,'RECEIPT',58.43,'2020-02-23','Delivery per order'),
(10374,203,1300,NULL,NULL,'CONSUMPTION',26.25,'2020-02-23','Production use'),
(10901,201,1300,NULL,NULL,'CONSUMPTION',44.87,'2020-02-24','Production use'),
(9658,203,1400,2,5787,'RECEIPT',27.01,'2020-02-26','Delivery per order'),
(10104,203,1310,NULL,NULL,'CONSUMPTION',42.25,'2020-02-26','Production use'),
(10177,203,1200,NULL,NULL,'CONSUMPTION',68.7,'2020-02-28','Production use'),
(10453,202,1300,NULL,NULL,'CONSUMPTION',37.72,'2020-02-29','Production use'),
(10692,203,1200,NULL,NULL,'CONSUMPTION',22.31,'2020-02-29','Production use'),
(9544,203,1300,8,5647,'RECEIPT',46.54,'2020-03-01','Delivery per order'),
(10354,202,1310,NULL,NULL,'CONSUMPTION',72.33,'2020-03-01','Production use'),
(10509,202,1300,NULL,NULL,'CONSUMPTION',41.73,'2020-03-02','Production use'),
(9491,203,1200,6,5590,'RECEIPT',21.56,'2020-03-03','Delivery per order'),
(9420,202,1400,2,5510,'RECEIPT',57.07,'2020-03-04','Delivery per order'),
(9969,202,1310,NULL,NULL,'CONSUMPTION',37.66,'2020-03-04','Production use'),
(10539,201,1300,NULL,NULL,'CONSUMPTION',70.29,'2020-03-04','Production use'),
(9236,202,1200,1,5302,'RECEIPT',51.34,'2020-03-05','Delivery per order'),
(9424,202,1400,2,5514,'RECEIPT',44.34,'2020-03-05','Delivery per order'),
(10210,202,1300,NULL,NULL,'CONSUMPTION',42.46,'2020-03-05','Production use'),
(10468,203,1400,NULL,NULL,'CONSUMPTION',70.05,'2020-03-05','Production use'),
(10908,203,1200,NULL,NULL,'CONSUMPTION',48.26,'2020-03-05','Production use'),
(9480,203,1200,6,5579,'RECEIPT',59.91,'2020-03-07','Delivery per order'),
(9913,201,1400,NULL,NULL,'CONSUMPTION',62.75,'2020-03-07','Production use'),
(10126,202,1400,NULL,NULL,'CONSUMPTION',75.78,'2020-03-07','Production use'),
(10379,201,1310,NULL,NULL,'CONSUMPTION',23.53,'2020-03-07','Production use'),
(10911,202,1400,NULL,NULL,'CONSUMPTION',42.18,'2020-03-08','Production use'),
(10217,201,1400,NULL,NULL,'CONSUMPTION',61.63,'2020-03-09','Production use'),
(9298,202,1300,4,5374,'RECEIPT',61.38,'2020-03-10','Delivery per order'),
(9187,201,1400,4,5229,'RECEIPT',55.61,'2020-03-11','Delivery per order'),
(9360,202,1310,7,5441,'RECEIPT',49.46,'2020-03-11','Delivery per order'),
(10284,202,1310,NULL,NULL,'CONSUMPTION',10.01,'2020-03-11','Production use'),
(9697,202,1200,NULL,NULL,'CONSUMPTION',15.53,'2020-03-12','Production use'),
(10625,203,1400,NULL,NULL,'CONSUMPTION',28.13,'2020-03-12','Production use'),
(10988,202,1200,NULL,NULL,'CONSUMPTION',11.48,'2020-03-12','Production use'),
(9766,202,1310,NULL,NULL,'CONSUMPTION',37.18,'2020-03-13','Production use'),
(9603,203,1310,7,5717,'RECEIPT',46.86,'2020-03-14','Delivery per order'),
(10645,203,1400,NULL,NULL,'CONSUMPTION',23.26,'2020-03-14','Production use'),
(9005,201,1200,1,5005,'RECEIPT',83.96,'2020-03-15','Delivery per order'),
(10001,203,1300,NULL,NULL,'CONSUMPTION',24.89,'2020-03-16','Production use'),
(10966,202,1310,NULL,NULL,'CONSUMPTION',55.28,'2020-03-16','Production use'),
(9715,203,1300,NULL,NULL,'CONSUMPTION',52.63,'2020-03-17','Production use'),
(9808,201,1310,NULL,NULL,'CONSUMPTION',18.62,'2020-03-17','Production use'),
(10298,203,1300,NULL,NULL,'CONSUMPTION',54.96,'2020-03-17','Production use'),
(10472,201,1300,NULL,NULL,'CONSUMPTION',36.2,'2020-03-17','Production use'),
(9792,202,1400,NULL,NULL,'CONSUMPTION',36.83,'2020-03-18','Production use'),
(9958,202,1400,NULL,NULL,'CONSUMPTION',60.18,'2020-03-18','Production use'),
(9247,202,1200,1,5313,'RECEIPT',48.89,'2020-03-19','Delivery per order'),
(10388,203,1310,NULL,NULL,'CONSUMPTION',71.3,'2020-03-19','Production use'),
(9307,202,1300,4,5383,'RECEIPT',46.8,'2020-03-20','Delivery per order'),
(9422,202,1400,2,5512,'RECEIPT',27.23,'2020-03-20','Delivery per order'),
(9370,202,1310,7,5451,'RECEIPT',63.32,'2020-03-21','Delivery per order'),
(10034,201,1310,NULL,NULL,'CONSUMPTION',54.07,'2020-03-21','Production use'),
(10391,203,1200,NULL,NULL,'CONSUMPTION',47.65,'2020-03-21','Production use'),
(10640,203,1310,NULL,NULL,'CONSUMPTION',24.22,'2020-03-21','Production use'),
(9289,202,1300,4,5365,'RECEIPT',24.4,'2020-03-23','Delivery per order'),
(10718,202,1310,NULL,NULL,'CONSUMPTION',78.61,'2020-03-23','Production use'),
(10266,203,1300,NULL,NULL,'CONSUMPTION',28.61,'2020-03-24','Production use'),
(10878,203,1400,NULL,NULL,'CONSUMPTION',30.18,'2020-03-24','Production use'),
(9008,201,1200,1,5008,'RECEIPT',35.77,'2020-03-25','Delivery per order'),
(10305,201,1200,NULL,NULL,'CONSUMPTION',31.33,'2020-03-25','Production use'),
(10773,201,1310,NULL,NULL,'CONSUMPTION',26.65,'2020-03-25','Production use'),
(11042,201,1310,NULL,NULL,'CONSUMPTION',77.76,'2020-03-25','Production use'),
(9373,202,1310,7,5454,'RECEIPT',20.77,'2020-03-26','Delivery per order'),
(9649,203,1400,2,5778,'RECEIPT',63.21,'2020-03-26','Delivery per order'),
(9412,202,1400,2,5502,'RECEIPT',28.72,'2020-03-27','Delivery per order'),
(9567,203,1300,8,5670,'RECEIPT',71.14,'2020-03-27','Delivery per order'),
(9605,203,1310,7,5719,'RECEIPT',36.77,'2020-03-27','Delivery per order'),
(10120,203,1300,NULL,NULL,'CONSUMPTION',10.46,'2020-03-27','Production use'),
(10221,202,1300,NULL,NULL,'CONSUMPTION',21.1,'2020-03-27','Production use'),
(10812,202,1200,NULL,NULL,'CONSUMPTION',48.77,'2020-03-27','Production use'),
(10969,203,1310,NULL,NULL,'CONSUMPTION',48.55,'2020-03-27','Production use'),
(10650,202,1300,NULL,NULL,'CONSUMPTION',65.14,'2020-03-28','Production use'),
(9483,203,1200,6,5582,'RECEIPT',27.02,'2020-03-29','Delivery per order'),
(9548,203,1300,8,5651,'RECEIPT',34.2,'2020-03-29','Delivery per order'),
(10053,202,1310,NULL,NULL,'CONSUMPTION',35.93,'2020-03-29','Production use'),
(10687,202,1400,NULL,NULL,'CONSUMPTION',22.34,'2020-03-29','Production use'),
(9291,202,1300,4,5367,'RECEIPT',72.64,'2020-03-30','Delivery per order'),
(9655,203,1400,2,5784,'RECEIPT',59.28,'2020-03-30','Delivery per order'),
(9309,202,1300,4,5385,'RECEIPT',61.91,'2020-03-31','Delivery per order'),
(10482,201,1200,NULL,NULL,'CONSUMPTION',31.77,'2020-03-31','Production use'),
(11047,202,1200,NULL,NULL,'CONSUMPTION',18.18,'2020-03-31','Production use'),
(9181,201,1400,4,5223,'RECEIPT',27.3,'2020-04-01','Delivery per order'),
(9418,202,1400,2,5508,'RECEIPT',81.63,'2020-04-01','Delivery per order'),
(10325,203,1300,NULL,NULL,'CONSUMPTION',20.21,'2020-04-01','Production use'),
(9128,201,1310,7,5158,'RECEIPT',81.51,'2020-04-02','Delivery per order'),
(9652,203,1400,2,5781,'RECEIPT',27.67,'2020-04-02','Delivery per order'),
(10921,202,1300,NULL,NULL,'CONSUMPTION',14.3,'2020-04-02','Production use'),
(9018,201,1200,1,5018,'RECEIPT',56.63,'2020-04-03','Delivery per order'),
(9565,203,1300,8,5668,'RECEIPT',78.59,'2020-04-03','Delivery per order'),
(10655,203,1310,NULL,NULL,'CONSUMPTION',11.33,'2020-04-03','Production use'),
(11039,202,1400,NULL,NULL,'CONSUMPTION',73.58,'2020-04-03','Production use'),
(10484,202,1300,NULL,NULL,'CONSUMPTION',42.68,'2020-04-04','Production use'),
(9249,202,1200,1,5315,'RECEIPT',50.95,'2020-04-06','Delivery per order'),
(10146,202,1200,NULL,NULL,'CONSUMPTION',27.57,'2020-04-07','Production use'),
(9810,203,1200,NULL,NULL,'CONSUMPTION',53.62,'2020-04-08','Production use'),
(9315,202,1300,4,5391,'RECEIPT',24.44,'2020-04-10','Delivery per order'),
(9486,203,1200,6,5585,'RECEIPT',71.41,'2020-04-10','Delivery per order'),
(10312,201,1300,NULL,NULL,'CONSUMPTION',43.31,'2020-04-10','Production use'),
(10392,203,1200,NULL,NULL,'CONSUMPTION',37.12,'2020-04-10','Production use'),
(10426,202,1300,NULL,NULL,'CONSUMPTION',74.43,'2020-04-10','Production use'),
(9742,202,1200,NULL,NULL,'CONSUMPTION',11.92,'2020-04-11','Production use'),
(10657,201,1200,NULL,NULL,'CONSUMPTION',22.06,'2020-04-12','Production use'),
(9258,202,1200,1,5324,'RECEIPT',21.1,'2020-04-13','Delivery per order'),
(10498,201,1200,NULL,NULL,'CONSUMPTION',42.95,'2020-04-13','Production use'),
(9004,201,1200,1,5004,'RECEIPT',66.19,'2020-04-14','Delivery per order'),
(10736,203,1310,NULL,NULL,'CONSUMPTION',35.48,'2020-04-15','Production use'),
(10075,202,1300,NULL,NULL,'CONSUMPTION',66.06,'2020-04-16','Production use'),
(10224,201,1400,NULL,NULL,'CONSUMPTION',35.23,'2020-04-16','Production use'),
(11003,202,1400,NULL,NULL,'CONSUMPTION',58.66,'2020-04-16','Production use'),
(9117,201,1310,7,5147,'RECEIPT',31.7,'2020-04-17','Delivery per order'),
(10691,201,1200,NULL,NULL,'CONSUMPTION',17.31,'2020-04-17','Production use'),
(9190,201,1400,4,5232,'RECEIPT',29.65,'2020-04-18','Delivery per order'),
(10537,201,1200,NULL,NULL,'CONSUMPTION',35.85,'2020-04-18','Production use'),
(10900,201,1200,NULL,NULL,'CONSUMPTION',16.97,'2020-04-18','Production use'),
(9195,201,1400,4,5237,'RECEIPT',27.15,'2020-04-19','Delivery per order'),
(9782,203,1200,NULL,NULL,'CONSUMPTION',30.88,'2020-04-20','Production use'),
(9063,201,1300,7,5079,'RECEIPT',65.25,'2020-04-21','Delivery per order'),
(9858,201,1310,NULL,NULL,'CONSUMPTION',68.73,'2020-04-21','Production use'),
(9872,202,1300,NULL,NULL,'CONSUMPTION',35.43,'2020-04-21','Production use'),
(9980,201,1300,NULL,NULL,'CONSUMPTION',22.7,'2020-04-21','Production use'),
(10746,203,1310,NULL,NULL,'CONSUMPTION',39.61,'2020-04-21','Production use'),
(10989,203,1400,NULL,NULL,'CONSUMPTION',56.36,'2020-04-21','Production use'),
(11055,201,1200,NULL,NULL,'CONSUMPTION',23.22,'2020-04-21','Production use'),
(10423,201,1200,NULL,NULL,'CONSUMPTION',22.94,'2020-04-22','Production use'),
(10649,201,1200,NULL,NULL,'CONSUMPTION',12.59,'2020-04-24','Production use'),
(10983,202,1310,NULL,NULL,'CONSUMPTION',27.8,'2020-04-24','Production use'),
(9069,201,1300,7,5085,'RECEIPT',63.45,'2020-04-25','Delivery per order'),
(9301,202,1300,4,5377,'RECEIPT',49.75,'2020-04-25','Delivery per order'),
(9609,203,1310,7,5723,'RECEIPT',77.63,'2020-04-25','Delivery per order'),
(9909,202,1310,NULL,NULL,'CONSUMPTION',20.17,'2020-04-25','Production use'),
(10925,202,1300,NULL,NULL,'CONSUMPTION',38.84,'2020-04-25','Production use'),
(10082,202,1200,NULL,NULL,'CONSUMPTION',59.81,'2020-04-27','Production use'),
(10265,202,1300,NULL,NULL,'CONSUMPTION',65.6,'2020-04-29','Production use'),
(10436,203,1400,NULL,NULL,'CONSUMPTION',24.63,'2020-04-29','Production use'),
(10825,202,1200,NULL,NULL,'CONSUMPTION',21.4,'2020-04-29','Production use'),
(9200,201,1400,4,5242,'RECEIPT',50.62,'2020-04-30','Delivery per order'),
(9427,202,1400,2,5517,'RECEIPT',37.2,'2020-04-30','Delivery per order'),
(9844,201,1300,NULL,NULL,'CONSUMPTION',19.28,'2020-04-30','Production use'),
(11037,201,1300,NULL,NULL,'CONSUMPTION',16.67,'2020-04-30','Production use'),
(9255,202,1200,1,5321,'RECEIPT',98.99,'2020-05-01','Delivery per order'),
(10705,201,1200,NULL,NULL,'CONSUMPTION',58.45,'2020-05-02','Production use'),
(10956,203,1300,NULL,NULL,'CONSUMPTION',60.86,'2020-05-02','Production use'),
(9123,201,1310,7,5153,'RECEIPT',70.59,'2020-05-03','Delivery per order'),
(9241,202,1200,1,5307,'RECEIPT',50.87,'2020-05-03','Delivery per order'),
(10337,201,1200,NULL,NULL,'CONSUMPTION',27.88,'2020-05-03','Production use'),
(10618,202,1310,NULL,NULL,'CONSUMPTION',33.29,'2020-05-03','Production use'),
(10263,202,1400,NULL,NULL,'CONSUMPTION',66.07,'2020-05-04','Production use'),
(10527,202,1300,NULL,NULL,'CONSUMPTION',44.6,'2020-05-05','Production use'),
(9290,202,1300,4,5366,'RECEIPT',73.29,'2020-05-06','Delivery per order'),
(9665,203,1400,2,5794,'RECEIPT',98.16,'2020-05-09','Delivery per order'),
(9850,202,1310,NULL,NULL,'CONSUMPTION',40.85,'2020-05-09','Production use'),
(9964,203,1200,NULL,NULL,'CONSUMPTION',10.41,'2020-05-09','Production use'),
(10659,202,1400,NULL,NULL,'CONSUMPTION',52.79,'2020-05-10','Production use'),
(10972,202,1300,NULL,NULL,'CONSUMPTION',52.11,'2020-05-10','Production use'),
(9358,202,1310,7,5439,'RECEIPT',79.17,'2020-05-11','Delivery per order'),
(10078,203,1300,NULL,NULL,'CONSUMPTION',40.48,'2020-05-11','Production use'),
(10959,202,1310,NULL,NULL,'CONSUMPTION',38.72,'2020-05-11','Production use'),
(10432,201,1300,NULL,NULL,'CONSUMPTION',63.09,'2020-05-12','Production use'),
(9799,203,1300,NULL,NULL,'CONSUMPTION',31.43,'2020-05-13','Production use'),
(9081,201,1300,7,5097,'RECEIPT',22.58,'2020-05-14','Delivery per order'),
(9304,202,1300,4,5380,'RECEIPT',78.63,'2020-05-14','Delivery per order'),
(10751,203,1310,NULL,NULL,'CONSUMPTION',76.18,'2020-05-14','Production use'),
(9015,201,1200,1,5015,'RECEIPT',51.4,'2020-05-16','Delivery per order'),
(10254,201,1300,NULL,NULL,'CONSUMPTION',16.74,'2020-05-16','Production use'),
(10820,202,1400,NULL,NULL,'CONSUMPTION',79.6,'2020-05-16','Production use'),
(9705,203,1300,NULL,NULL,'CONSUMPTION',28.05,'2020-05-17','Production use'),
(10739,201,1310,NULL,NULL,'CONSUMPTION',55.37,'2020-05-17','Production use'),
(10944,203,1300,NULL,NULL,'CONSUMPTION',33.58,'2020-05-17','Production use'),
(9064,201,1300,7,5080,'RECEIPT',81.8,'2020-05-18','Delivery per order'),
(10105,202,1400,NULL,NULL,'CONSUMPTION',18.14,'2020-05-18','Production use'),
(9359,202,1310,7,5440,'RECEIPT',39.41,'2020-05-19','Delivery per order'),
(9664,203,1400,2,5793,'RECEIPT',71.06,'2020-05-19','Delivery per order'),
(9313,202,1300,4,5389,'RECEIPT',59.69,'2020-05-20','Delivery per order'),
(9549,203,1300,8,5652,'RECEIPT',84.19,'2020-05-20','Delivery per order'),
(10044,202,1400,NULL,NULL,'CONSUMPTION',51.76,'2020-05-20','Production use'),
(10199,202,1200,NULL,NULL,'CONSUMPTION',38.9,'2020-05-20','Production use'),
(9022,201,1200,1,5022,'RECEIPT',93.49,'2020-05-21','Delivery per order'),
(9546,203,1300,8,5649,'RECEIPT',84.52,'2020-05-21','Delivery per order'),
(9248,202,1200,1,5314,'RECEIPT',45.32,'2020-05-22','Delivery per order'),
(9985,201,1300,NULL,NULL,'CONSUMPTION',29.96,'2020-05-22','Production use'),
(10883,202,1310,NULL,NULL,'CONSUMPTION',23.21,'2020-05-22','Production use'),
(10632,202,1400,NULL,NULL,'CONSUMPTION',40.52,'2020-05-23','Production use'),
(9074,201,1300,7,5090,'RECEIPT',55.31,'2020-05-24','Delivery per order'),
(11078,202,1300,NULL,NULL,'CONSUMPTION',65.87,'2020-05-24','Production use'),
(9779,201,1200,NULL,NULL,'CONSUMPTION',70.65,'2020-05-25','Production use'),
(10260,201,1200,NULL,NULL,'CONSUMPTION',35.64,'2020-05-25','Production use'),
(10495,203,1300,NULL,NULL,'CONSUMPTION',27.14,'2020-05-25','Production use'),
(10514,202,1300,NULL,NULL,'CONSUMPTION',48.93,'2020-05-25','Production use'),
(10693,202,1400,NULL,NULL,'CONSUMPTION',46.04,'2020-05-25','Production use'),
(9020,201,1200,1,5020,'RECEIPT',73.89,'2020-05-26','Delivery per order'),
(9185,201,1400,4,5227,'RECEIPT',67.49,'2020-05-26','Delivery per order'),
(9430,202,1400,2,5520,'RECEIPT',76.89,'2020-05-27','Delivery per order'),
(9956,203,1310,NULL,NULL,'CONSUMPTION',67.17,'2020-05-27','Production use'),
(10653,203,1400,NULL,NULL,'CONSUMPTION',50.55,'2020-05-27','Production use'),
(9300,202,1300,4,5376,'RECEIPT',40.74,'2020-05-28','Delivery per order'),
(9965,203,1400,NULL,NULL,'CONSUMPTION',50.99,'2020-05-28','Production use'),
(9981,203,1200,NULL,NULL,'CONSUMPTION',42.29,'2020-05-29','Production use'),
(9611,203,1310,7,5725,'RECEIPT',55.06,'2020-05-30','Delivery per order'),
(10616,202,1200,NULL,NULL,'CONSUMPTION',21.34,'2020-05-31','Production use'),
(9607,203,1310,7,5721,'RECEIPT',48.04,'2020-06-01','Delivery per order'),
(9925,202,1400,NULL,NULL,'CONSUMPTION',22.42,'2020-06-01','Production use'),
(9829,201,1300,NULL,NULL,'CONSUMPTION',64.57,'2020-06-02','Production use'),
(9001,201,1200,1,5001,'RECEIPT',42.27,'2020-06-03','Delivery per order'),
(9133,201,1310,7,5163,'RECEIPT',56.38,'2020-06-03','Delivery per order'),
(10939,202,1310,NULL,NULL,'CONSUMPTION',24.12,'2020-06-03','Production use'),
(9009,201,1200,1,5009,'RECEIPT',29.12,'2020-06-04','Delivery per order'),
(9254,202,1200,1,5320,'RECEIPT',57.68,'2020-06-04','Delivery per order'),
(9489,203,1200,6,5588,'RECEIPT',99.53,'2020-06-04','Delivery per order'),
(9560,203,1300,8,5663,'RECEIPT',72.97,'2020-06-04','Delivery per order'),
(10613,202,1200,NULL,NULL,'CONSUMPTION',42.69,'2020-06-04','Production use'),
(9012,201,1200,1,5012,'RECEIPT',97.27,'2020-06-05','Delivery per order'),
(9294,202,1300,4,5370,'RECEIPT',30.98,'2020-06-05','Delivery per order'),
(9998,202,1200,NULL,NULL,'CONSUMPTION',61.35,'2020-06-05','Production use'),
(10843,202,1310,NULL,NULL,'CONSUMPTION',42.23,'2020-06-05','Production use'),
(10754,202,1200,NULL,NULL,'CONSUMPTION',77.08,'2020-06-06','Production use'),
(10946,202,1310,NULL,NULL,'CONSUMPTION',24.68,'2020-06-06','Production use'),
(9555,203,1300,8,5658,'RECEIPT',28.87,'2020-06-07','Delivery per order'),
(9595,203,1310,7,5709,'RECEIPT',26.22,'2020-06-07','Delivery per order'),
(10295,203,1300,NULL,NULL,'CONSUMPTION',74.25,'2020-06-07','Production use'),
(9077,201,1300,7,5093,'RECEIPT',78.88,'2020-06-08','Delivery per order'),
(9433,202,1400,2,5523,'RECEIPT',23.92,'2020-06-08','Delivery per order'),
(10021,203,1300,NULL,NULL,'CONSUMPTION',55.73,'2020-06-08','Production use'),
(10521,201,1310,NULL,NULL,'CONSUMPTION',56.38,'2020-06-08','Production use'),
(10562,201,1400,NULL,NULL,'CONSUMPTION',43.07,'2020-06-08','Production use'),
(9194,201,1400,4,5236,'RECEIPT',38.32,'2020-06-09','Delivery per order'),
(9564,203,1300,8,5667,'RECEIPT',98.07,'2020-06-09','Delivery per order'),
(10560,202,1200,NULL,NULL,'CONSUMPTION',42.55,'2020-06-09','Production use'),
(10851,201,1400,NULL,NULL,'CONSUMPTION',19.12,'2020-06-09','Production use'),
(9080,201,1300,7,5096,'RECEIPT',89.98,'2020-06-10','Delivery per order'),
(9864,202,1310,NULL,NULL,'CONSUMPTION',67.2,'2020-06-10','Production use'),
(9244,202,1200,1,5310,'RECEIPT',25.68,'2020-06-11','Delivery per order'),
(10195,202,1310,NULL,NULL,'CONSUMPTION',25.44,'2020-06-11','Production use'),
(10420,202,1400,NULL,NULL,'CONSUMPTION',38.71,'2020-06-11','Production use'),
(9231,202,1200,1,5297,'RECEIPT',87.77,'2020-06-12','Delivery per order'),
(9245,202,1200,1,5311,'RECEIPT',91.1,'2020-06-12','Delivery per order'),
(10079,202,1200,NULL,NULL,'CONSUMPTION',25.52,'2020-06-12','Production use'),
(10168,203,1400,NULL,NULL,'CONSUMPTION',59.05,'2020-06-12','Production use'),
(10262,203,1310,NULL,NULL,'CONSUMPTION',44.4,'2020-06-12','Production use'),
(10998,201,1200,NULL,NULL,'CONSUMPTION',29.18,'2020-06-13','Production use'),
(9429,202,1400,2,5519,'RECEIPT',31.87,'2020-06-14','Delivery per order'),
(10671,201,1200,NULL,NULL,'CONSUMPTION',71.57,'2020-06-14','Production use'),
(9026,201,1200,1,5026,'RECEIPT',39.09,'2020-06-15','Delivery per order'),
(11071,202,1300,NULL,NULL,'CONSUMPTION',20.76,'2020-06-15','Production use'),
(9238,202,1200,1,5304,'RECEIPT',82.7,'2020-06-16','Delivery per order'),
(9363,202,1310,7,5444,'RECEIPT',82.07,'2020-06-16','Delivery per order'),
(9599,203,1310,7,5713,'RECEIPT',97.05,'2020-06-17','Delivery per order'),
(9011,201,1200,1,5011,'RECEIPT',59.16,'2020-06-18','Delivery per order'),
(10172,203,1200,NULL,NULL,'CONSUMPTION',63.55,'2020-06-19','Production use'),
(10722,202,1400,NULL,NULL,'CONSUMPTION',44.67,'2020-06-19','Production use'),
(10058,201,1400,NULL,NULL,'CONSUMPTION',73.71,'2020-06-20','Production use'),
(10971,201,1200,NULL,NULL,'CONSUMPTION',70.17,'2020-06-20','Production use'),
(9023,201,1200,1,5023,'RECEIPT',67.21,'2020-06-21','Delivery per order'),
(9191,201,1400,4,5233,'RECEIPT',88.83,'2020-06-21','Delivery per order'),
(10927,203,1310,NULL,NULL,'CONSUMPTION',31.85,'2020-06-22','Production use'),
(9014,201,1200,1,5014,'RECEIPT',51.09,'2020-06-23','Delivery per order'),
(9361,202,1310,7,5442,'RECEIPT',97.75,'2020-06-23','Delivery per order'),
(9975,203,1200,NULL,NULL,'CONSUMPTION',48.33,'2020-06-23','Production use'),
(10313,203,1200,NULL,NULL,'CONSUMPTION',37.94,'2020-06-23','Production use'),
(10887,203,1200,NULL,NULL,'CONSUMPTION',56.1,'2020-06-23','Production use'),
(10327,201,1310,NULL,NULL,'CONSUMPTION',63.04,'2020-06-24','Production use'),
(9199,201,1400,4,5241,'RECEIPT',43.94,'2020-06-25','Delivery per order'),
(10499,201,1300,NULL,NULL,'CONSUMPTION',36.85,'2020-06-25','Production use'),
(9129,201,1310,7,5159,'RECEIPT',52.23,'2020-06-26','Delivery per order'),
(9137,201,1310,7,5167,'RECEIPT',87.77,'2020-06-26','Delivery per order'),
(9654,203,1400,2,5783,'RECEIPT',63.97,'2020-06-27','Delivery per order'),
(9663,203,1400,2,5792,'RECEIPT',36.56,'2020-06-27','Delivery per order'),
(10483,203,1310,NULL,NULL,'CONSUMPTION',69.37,'2020-06-27','Production use'),
(10793,203,1310,NULL,NULL,'CONSUMPTION',57.01,'2020-06-27','Production use'),
(9551,203,1300,8,5654,'RECEIPT',24.76,'2020-06-28','Delivery per order'),
(10800,202,1400,NULL,NULL,'CONSUMPTION',71.2,'2020-06-28','Production use'),
(10679,203,1400,NULL,NULL,'CONSUMPTION',44.99,'2020-06-29','Production use'),
(9543,203,1300,8,5646,'RECEIPT',58.24,'2020-06-30','Delivery per order'),
(9610,203,1310,7,5724,'RECEIPT',23.85,'2020-06-30','Delivery per order'),
(10561,203,1200,NULL,NULL,'CONSUMPTION',72.29,'2020-06-30','Production use'),
(9127,201,1310,7,5157,'RECEIPT',83.57,'2020-07-01','Delivery per order'),
(9256,202,1200,1,5322,'RECEIPT',25.84,'2020-07-01','Delivery per order'),
(9432,202,1400,2,5522,'RECEIPT',51.7,'2020-07-01','Delivery per order'),
(9774,203,1310,NULL,NULL,'CONSUMPTION',72.97,'2020-07-01','Production use'),
(10672,201,1200,NULL,NULL,'CONSUMPTION',10.51,'2020-07-01','Production use'),
(11019,203,1300,NULL,NULL,'CONSUMPTION',28.21,'2020-07-01','Production use'),
(10184,203,1200,NULL,NULL,'CONSUMPTION',25.9,'2020-07-02','Production use'),
(10319,202,1310,NULL,NULL,'CONSUMPTION',32.64,'2020-07-02','Production use'),
(10092,203,1400,NULL,NULL,'CONSUMPTION',59.25,'2020-07-03','Production use'),
(10207,203,1400,NULL,NULL,'CONSUMPTION',10.57,'2020-07-03','Production use'),
(10973,202,1310,NULL,NULL,'CONSUMPTION',72.77,'2020-07-03','Production use'),
(10977,202,1200,NULL,NULL,'CONSUMPTION',44.75,'2020-07-03','Production use'),
(9243,202,1200,1,5309,'RECEIPT',71.05,'2020-07-04','Delivery per order'),
(9741,203,1400,NULL,NULL,'CONSUMPTION',68.16,'2020-07-04','Production use'),
(10637,201,1200,NULL,NULL,'CONSUMPTION',54.26,'2020-07-04','Production use'),
(10725,201,1400,NULL,NULL,'CONSUMPTION',55.33,'2020-07-04','Production use'),
(10861,203,1310,NULL,NULL,'CONSUMPTION',34.61,'2020-07-04','Production use'),
(9135,201,1310,7,5165,'RECEIPT',66.56,'2020-07-05','Delivery per order'),
(10404,203,1400,NULL,NULL,'CONSUMPTION',61.33,'2020-07-05','Production use'),
(9417,202,1400,2,5507,'RECEIPT',48.66,'2020-07-06','Delivery per order'),
(10942,201,1400,NULL,NULL,'CONSUMPTION',53.72,'2020-07-07','Production use'),
(10050,203,1200,NULL,NULL,'CONSUMPTION',62.67,'2020-07-09','Production use'),
(9648,203,1400,2,5777,'RECEIPT',94.05,'2020-07-11','Delivery per order'),
(10218,201,1400,NULL,NULL,'CONSUMPTION',42.26,'2020-07-11','Production use'),
(9411,202,1400,2,5501,'RECEIPT',81.61,'2020-07-12','Delivery per order'),
(9835,202,1310,NULL,NULL,'CONSUMPTION',61.7,'2020-07-13','Production use'),
(10943,203,1400,NULL,NULL,'CONSUMPTION',69.09,'2020-07-13','Production use'),
(9855,203,1200,NULL,NULL,'CONSUMPTION',58.18,'2020-07-14','Production use'),
(10297,201,1310,NULL,NULL,'CONSUMPTION',44.18,'2020-07-14','Production use'),
(9141,201,1310,7,5171,'RECEIPT',75.78,'2020-07-15','Delivery per order'),
(9950,202,1300,NULL,NULL,'CONSUMPTION',45.97,'2020-07-15','Production use'),
(10149,202,1400,NULL,NULL,'CONSUMPTION',68.73,'2020-07-16','Production use'),
(10858,203,1310,NULL,NULL,'CONSUMPTION',10.72,'2020-07-16','Production use'),
(10903,201,1310,NULL,NULL,'CONSUMPTION',31.19,'2020-07-16','Production use'),
(9593,203,1310,7,5707,'RECEIPT',59.69,'2020-07-17','Delivery per order'),
(9082,201,1300,7,5098,'RECEIPT',41.03,'2020-07-18','Delivery per order'),
(10595,203,1310,NULL,NULL,'CONSUMPTION',76.91,'2020-07-18','Production use'),
(10658,202,1200,NULL,NULL,'CONSUMPTION',67.45,'2020-07-18','Production use'),
(9179,201,1400,4,5221,'RECEIPT',80.42,'2020-07-19','Delivery per order'),
(9362,202,1310,7,5443,'RECEIPT',99.82,'2020-07-19','Delivery per order'),
(9545,203,1300,8,5648,'RECEIPT',69.13,'2020-07-19','Delivery per order'),
(10056,202,1300,NULL,NULL,'CONSUMPTION',51.23,'2020-07-19','Production use'),
(10604,201,1300,NULL,NULL,'CONSUMPTION',10.84,'2020-07-19','Production use'),
(10721,202,1400,NULL,NULL,'CONSUMPTION',66.68,'2020-07-19','Production use'),
(9084,201,1300,7,5100,'RECEIPT',26.96,'2020-07-20','Delivery per order'),
(9296,202,1300,4,5372,'RECEIPT',59.71,'2020-07-20','Delivery per order'),
(10598,202,1300,NULL,NULL,'CONSUMPTION',28.92,'2020-07-20','Production use'),
(9559,203,1300,8,5662,'RECEIPT',76.36,'2020-07-21','Delivery per order'),
(9666,203,1400,2,5795,'RECEIPT',57.89,'2020-07-21','Delivery per order'),
(10257,201,1300,NULL,NULL,'CONSUMPTION',43.98,'2020-07-21','Production use'),
(10865,203,1200,NULL,NULL,'CONSUMPTION',49.92,'2020-07-21','Production use'),
(9192,201,1400,4,5234,'RECEIPT',75.52,'2020-07-23','Delivery per order'),
(9832,202,1200,NULL,NULL,'CONSUMPTION',42.5,'2020-07-23','Production use'),
(10139,203,1300,NULL,NULL,'CONSUMPTION',58.02,'2020-07-23','Production use'),
(10669,203,1300,NULL,NULL,'CONSUMPTION',12.85,'2020-07-23','Production use'),
(9075,201,1300,7,5091,'RECEIPT',37.48,'2020-07-24','Delivery per order'),
(9302,202,1300,4,5378,'RECEIPT',79.98,'2020-07-24','Delivery per order'),
(9364,202,1310,7,5445,'RECEIPT',78.6,'2020-07-24','Delivery per order'),
(9550,203,1300,8,5653,'RECEIPT',89.46,'2020-07-24','Delivery per order'),
(9711,201,1310,NULL,NULL,'CONSUMPTION',49.66,'2020-07-24','Production use'),
(11000,202,1300,NULL,NULL,'CONSUMPTION',60.22,'2020-07-24','Production use'),
(9653,203,1400,2,5782,'RECEIPT',51.43,'2020-07-25','Delivery per order'),
(9712,201,1300,NULL,NULL,'CONSUMPTION',49.39,'2020-07-25','Production use'),
(9816,202,1200,NULL,NULL,'CONSUMPTION',39.46,'2020-07-25','Production use'),
(9558,203,1300,8,5661,'RECEIPT',25.8,'2020-07-27','Delivery per order'),
(9643,203,1400,2,5772,'RECEIPT',24.28,'2020-07-27','Delivery per order'),
(10889,203,1400,NULL,NULL,'CONSUMPTION',51.34,'2020-07-27','Production use'),
(9182,201,1400,4,5224,'RECEIPT',27.61,'2020-07-28','Delivery per order'),
(9413,202,1400,2,5503,'RECEIPT',28.45,'2020-07-28','Delivery per order'),
(9553,203,1300,8,5656,'RECEIPT',76.38,'2020-07-28','Delivery per order'),
(9914,202,1300,NULL,NULL,'CONSUMPTION',66.98,'2020-07-28','Production use'),
(10492,203,1300,NULL,NULL,'CONSUMPTION',49.17,'2020-07-28','Production use'),
(9116,201,1310,7,5146,'RECEIPT',30.62,'2020-07-29','Delivery per order'),
(9868,203,1400,NULL,NULL,'CONSUMPTION',55.74,'2020-07-29','Production use'),
(10169,201,1400,NULL,NULL,'CONSUMPTION',21.68,'2020-07-29','Production use'),
(9083,201,1300,7,5099,'RECEIPT',88.98,'2020-07-31','Delivery per order'),
(9132,201,1310,7,5162,'RECEIPT',90.19,'2020-07-31','Delivery per order'),
(9251,202,1200,1,5317,'RECEIPT',53.67,'2020-07-31','Delivery per order'),
(9891,203,1400,NULL,NULL,'CONSUMPTION',67.07,'2020-07-31','Production use'),
(9954,203,1310,NULL,NULL,'CONSUMPTION',39.69,'2020-07-31','Production use'),
(9019,201,1200,1,5019,'RECEIPT',33.8,'2020-08-02','Delivery per order'),
(9071,201,1300,7,5087,'RECEIPT',63.36,'2020-08-02','Delivery per order'),
(9818,202,1310,NULL,NULL,'CONSUMPTION',68.15,'2020-08-02','Production use'),
(9010,201,1200,1,5010,'RECEIPT',73.66,'2020-08-03','Delivery per order'),
(9131,201,1310,7,5161,'RECEIPT',75.58,'2020-08-04','Delivery per order'),
(9120,201,1310,7,5150,'RECEIPT',87.48,'2020-08-05','Delivery per order'),
(9600,203,1310,7,5714,'RECEIPT',85.73,'2020-08-05','Delivery per order'),
(9820,202,1200,NULL,NULL,'CONSUMPTION',17.98,'2020-08-05','Production use'),
(9878,203,1200,NULL,NULL,'CONSUMPTION',46.54,'2020-08-05','Production use'),
(9966,202,1300,NULL,NULL,'CONSUMPTION',74.96,'2020-08-05','Production use'),
(11070,202,1310,NULL,NULL,'CONSUMPTION',36.15,'2020-08-05','Production use'),
(10118,203,1300,NULL,NULL,'CONSUMPTION',34.92,'2020-08-06','Production use'),
(10371,201,1310,NULL,NULL,'CONSUMPTION',64.54,'2020-08-06','Production use'),
(10642,203,1400,NULL,NULL,'CONSUMPTION',37.31,'2020-08-06','Production use'),
(10234,203,1310,NULL,NULL,'CONSUMPTION',20.77,'2020-08-07','Production use'),
(10513,203,1200,NULL,NULL,'CONSUMPTION',17.21,'2020-08-07','Production use'),
(10872,202,1400,NULL,NULL,'CONSUMPTION',57.15,'2020-08-07','Production use'),
(9068,201,1300,7,5084,'RECEIPT',41.43,'2020-08-08','Delivery per order'),
(9295,202,1300,4,5371,'RECEIPT',20.91,'2020-08-08','Delivery per order'),
(10854,202,1310,NULL,NULL,'CONSUMPTION',12.98,'2020-08-08','Production use'),
(9492,203,1200,6,5591,'RECEIPT',50.6,'2020-08-10','Delivery per order'),
(9415,202,1400,2,5505,'RECEIPT',45.12,'2020-08-11','Delivery per order'),
(9134,201,1310,7,5164,'RECEIPT',59.04,'2020-08-12','Delivery per order'),
(9827,203,1310,NULL,NULL,'CONSUMPTION',16.23,'2020-08-14','Production use'),
(10200,201,1310,NULL,NULL,'CONSUMPTION',19.56,'2020-08-14','Production use'),
(10330,201,1200,NULL,NULL,'CONSUMPTION',34.03,'2020-08-15','Production use'),
(9118,201,1310,7,5148,'RECEIPT',45.77,'2020-08-16','Delivery per order'),
(10852,202,1310,NULL,NULL,'CONSUMPTION',58.36,'2020-08-16','Production use'),
(9314,202,1300,4,5390,'RECEIPT',60.86,'2020-08-17','Delivery per order'),
(10755,201,1300,NULL,NULL,'CONSUMPTION',21.53,'2020-08-17','Production use'),
(9067,201,1300,7,5083,'RECEIPT',65.82,'2020-08-18','Delivery per order'),
(10685,202,1200,NULL,NULL,'CONSUMPTION',13.71,'2020-08-18','Production use'),
(9849,202,1400,NULL,NULL,'CONSUMPTION',74.43,'2020-08-19','Production use'),
(10225,203,1310,NULL,NULL,'CONSUMPTION',25.25,'2020-08-19','Production use'),
(10398,201,1300,NULL,NULL,'CONSUMPTION',60.59,'2020-08-19','Production use'),
(10984,202,1400,NULL,NULL,'CONSUMPTION',47.34,'2020-08-19','Production use'),
(9416,202,1400,2,5506,'RECEIPT',29.66,'2020-08-20','Delivery per order'),
(9945,202,1310,NULL,NULL,'CONSUMPTION',74.12,'2020-08-20','Production use'),
(9419,202,1400,2,5509,'RECEIPT',56.15,'2020-08-21','Delivery per order'),
(9645,203,1400,2,5774,'RECEIPT',97.95,'2020-08-21','Delivery per order'),
(10842,203,1200,NULL,NULL,'CONSUMPTION',59.88,'2020-08-21','Production use'),
(9482,203,1200,6,5581,'RECEIPT',58.32,'2020-08-22','Delivery per order'),
(9119,201,1310,7,5149,'RECEIPT',39.8,'2020-08-23','Delivery per order'),
(9479,203,1200,6,5578,'RECEIPT',71.78,'2020-08-23','Delivery per order'),
(9371,202,1310,7,5452,'RECEIPT',70.88,'2020-08-24','Delivery per order'),
(10879,201,1300,NULL,NULL,'CONSUMPTION',32.97,'2020-08-24','Production use'),
(9423,202,1400,2,5513,'RECEIPT',84.61,'2020-08-25','Delivery per order'),
(10481,203,1400,NULL,NULL,'CONSUMPTION',70.54,'2020-08-25','Production use'),
(10588,201,1200,NULL,NULL,'CONSUMPTION',54.96,'2020-08-25','Production use'),
(9246,202,1200,1,5312,'RECEIPT',20.97,'2020-08-26','Delivery per order'),
(9122,201,1310,7,5152,'RECEIPT',31.37,'2020-08-27','Delivery per order'),
(10099,202,1200,NULL,NULL,'CONSUMPTION',33.8,'2020-08-27','Production use'),
(10787,201,1200,NULL,NULL,'CONSUMPTION',19.76,'2020-08-27','Production use'),
(10414,202,1200,NULL,NULL,'CONSUMPTION',53.85,'2020-08-28','Production use'),
(11020,202,1300,NULL,NULL,'CONSUMPTION',21.91,'2020-08-28','Production use'),
(9647,203,1400,2,5776,'RECEIPT',64.33,'2020-08-29','Delivery per order'),
(9819,203,1200,NULL,NULL,'CONSUMPTION',60.31,'2020-08-29','Production use'),
(9963,201,1200,NULL,NULL,'CONSUMPTION',37.27,'2020-08-30','Production use'),
(10028,201,1310,NULL,NULL,'CONSUMPTION',21.02,'2020-08-30','Production use'),
(10848,201,1200,NULL,NULL,'CONSUMPTION',62.11,'2020-08-30','Production use'),
(10856,203,1300,NULL,NULL,'CONSUMPTION',14.15,'2020-08-31','Production use'),
(10909,202,1310,NULL,NULL,'CONSUMPTION',71.61,'2020-08-31','Production use'),
(9365,202,1310,7,5446,'RECEIPT',63.72,'2020-09-01','Delivery per order'),
(9431,202,1400,2,5521,'RECEIPT',97.47,'2020-09-01','Delivery per order'),
(9650,203,1400,2,5779,'RECEIPT',72.85,'2020-09-01','Delivery per order'),
(9662,203,1400,2,5791,'RECEIPT',27.76,'2020-09-01','Delivery per order'),
(10823,203,1310,NULL,NULL,'CONSUMPTION',58.01,'2020-09-01','Production use'),
(10609,203,1300,NULL,NULL,'CONSUMPTION',54.67,'2020-09-02','Production use'),
(9651,203,1400,2,5780,'RECEIPT',43.79,'2020-09-03','Delivery per order'),
(10302,202,1310,NULL,NULL,'CONSUMPTION',75.12,'2020-09-03','Production use'),
(9239,202,1200,1,5305,'RECEIPT',83.5,'2020-09-04','Delivery per order'),
(9367,202,1310,7,5448,'RECEIPT',32.05,'2020-09-05','Delivery per order'),
(9487,203,1200,6,5586,'RECEIPT',83.78,'2020-09-05','Delivery per order'),
(10152,202,1300,NULL,NULL,'CONSUMPTION',11.39,'2020-09-05','Production use'),
(9235,202,1200,1,5301,'RECEIPT',35.09,'2020-09-06','Delivery per order'),
(9312,202,1300,4,5388,'RECEIPT',70.2,'2020-09-06','Delivery per order'),
(9428,202,1400,2,5518,'RECEIPT',88.53,'2020-09-06','Delivery per order'),
(10215,202,1310,NULL,NULL,'CONSUMPTION',67.98,'2020-09-06','Production use'),
(10433,202,1200,NULL,NULL,'CONSUMPTION',42.96,'2020-09-06','Production use'),
(11069,201,1200,NULL,NULL,'CONSUMPTION',29.9,'2020-09-06','Production use'),
(9490,203,1200,6,5589,'RECEIPT',63.49,'2020-09-07','Delivery per order'),
(9496,203,1200,6,5595,'RECEIPT',47.52,'2020-09-08','Delivery per order'),
(10748,202,1400,NULL,NULL,'CONSUMPTION',45.1,'2020-09-08','Production use'),
(9885,201,1200,NULL,NULL,'CONSUMPTION',74.86,'2020-09-09','Production use'),
(9736,202,1400,NULL,NULL,'CONSUMPTION',45.36,'2020-09-10','Production use'),
(9017,201,1200,1,5017,'RECEIPT',48.16,'2020-09-11','Delivery per order'),
(9311,202,1300,4,5387,'RECEIPT',98.0,'2020-09-12','Delivery per order'),
(9002,201,1200,1,5002,'RECEIPT',76.3,'2020-09-13','Delivery per order'),
(9368,202,1310,7,5449,'RECEIPT',94.59,'2020-09-13','Delivery per order'),
(10850,203,1400,NULL,NULL,'CONSUMPTION',25.86,'2020-09-13','Production use'),
(10545,202,1310,NULL,NULL,'CONSUMPTION',20.8,'2020-09-14','Production use'),
(9702,201,1400,NULL,NULL,'CONSUMPTION',66.59,'2020-09-15','Production use'),
(10512,202,1200,NULL,NULL,'CONSUMPTION',63.76,'2020-09-17','Production use'),
(10704,202,1200,NULL,NULL,'CONSUMPTION',24.15,'2020-09-17','Production use'),
(9557,203,1300,8,5660,'RECEIPT',49.19,'2020-09-19','Delivery per order'),
(9597,203,1310,7,5711,'RECEIPT',45.56,'2020-09-19','Delivery per order'),
(9772,202,1200,NULL,NULL,'CONSUMPTION',16.83,'2020-09-19','Production use'),
(10124,202,1200,NULL,NULL,'CONSUMPTION',37.85,'2020-09-19','Production use'),
(9198,201,1400,4,5240,'RECEIPT',49.4,'2020-09-20','Delivery per order'),
(9421,202,1400,2,5511,'RECEIPT',88.2,'2020-09-20','Delivery per order'),
(9478,203,1200,6,5577,'RECEIPT',69.36,'2020-09-20','Delivery per order'),
(9375,202,1310,7,5456,'RECEIPT',80.71,'2020-09-21','Delivery per order'),
(9414,202,1400,2,5504,'RECEIPT',55.97,'2020-09-21','Delivery per order'),
(11076,202,1300,NULL,NULL,'CONSUMPTION',76.32,'2020-09-21','Production use'),
(9178,201,1400,4,5220,'RECEIPT',78.08,'2020-09-22','Delivery per order'),
(10255,201,1200,NULL,NULL,'CONSUMPTION',68.46,'2020-09-22','Production use'),
(9928,202,1200,NULL,NULL,'CONSUMPTION',48.96,'2020-09-23','Production use'),
(10497,203,1200,NULL,NULL,'CONSUMPTION',41.06,'2020-09-23','Production use'),
(10610,201,1300,NULL,NULL,'CONSUMPTION',69.95,'2020-09-23','Production use'),
(11008,201,1400,NULL,NULL,'CONSUMPTION',46.15,'2020-09-23','Production use'),
(9140,201,1310,7,5170,'RECEIPT',70.79,'2020-09-24','Delivery per order'),
(9308,202,1300,4,5384,'RECEIPT',54.35,'2020-09-24','Delivery per order'),
(9848,203,1300,NULL,NULL,'CONSUMPTION',12.02,'2020-09-24','Production use'),
(10314,202,1310,NULL,NULL,'CONSUMPTION',45.13,'2020-09-24','Production use'),
(10656,201,1400,NULL,NULL,'CONSUMPTION',59.09,'2020-09-24','Production use'),
(9016,201,1200,1,5016,'RECEIPT',29.14,'2020-09-25','Delivery per order'),
(9065,201,1300,7,5081,'RECEIPT',59.63,'2020-09-25','Delivery per order'),
(9073,201,1300,7,5089,'RECEIPT',80.8,'2020-09-25','Delivery per order'),
(9547,203,1300,8,5650,'RECEIPT',47.26,'2020-09-25','Delivery per order'),
(10138,202,1400,NULL,NULL,'CONSUMPTION',22.59,'2020-09-25','Production use'),
(10176,202,1400,NULL,NULL,'CONSUMPTION',53.85,'2020-09-25','Production use'),
(9646,203,1400,2,5775,'RECEIPT',52.74,'2020-09-26','Delivery per order'),
(9292,202,1300,4,5368,'RECEIPT',34.05,'2020-09-27','Delivery per order'),
(10045,201,1400,NULL,NULL,'CONSUMPTION',36.47,'2020-09-27','Production use'),
(10758,202,1200,NULL,NULL,'CONSUMPTION',39.16,'2020-09-27','Production use'),
(9310,202,1300,4,5386,'RECEIPT',41.04,'2020-09-28','Delivery per order'),
(9901,203,1310,NULL,NULL,'CONSUMPTION',34.17,'2020-09-28','Production use'),
(9376,202,1310,7,5457,'RECEIPT',50.1,'2020-09-29','Delivery per order'),
(11033,201,1300,NULL,NULL,'CONSUMPTION',10.72,'2020-09-29','Production use'),
(9293,202,1300,4,5369,'RECEIPT',21.01,'2020-09-30','Delivery per order'),
(9366,202,1310,7,5447,'RECEIPT',83.68,'2020-09-30','Delivery per order'),
(9601,203,1310,7,5715,'RECEIPT',73.6,'2020-09-30','Delivery per order'),
(9896,202,1200,NULL,NULL,'CONSUMPTION',41.7,'2020-09-30','Production use'),
(11010,202,1400,NULL,NULL,'CONSUMPTION',43.49,'2020-09-30','Production use'),
(9021,201,1200,1,5021,'RECEIPT',84.05,'2020-10-01','Delivery per order'),
(9426,202,1400,2,5516,'RECEIPT',68.26,'2020-10-01','Delivery per order'),
(9552,203,1300,8,5655,'RECEIPT',31.82,'2020-10-01','Delivery per order'),
(9802,202,1300,NULL,NULL,'CONSUMPTION',40.36,'2020-10-01','Production use'),
(9992,202,1200,NULL,NULL,'CONSUMPTION',68.81,'2020-10-02','Production use'),
(10238,203,1400,NULL,NULL,'CONSUMPTION',36.44,'2020-10-02','Production use'),
(10899,202,1400,NULL,NULL,'CONSUMPTION',44.81,'2020-10-02','Production use'),
(9003,201,1200,1,5003,'RECEIPT',83.68,'2020-10-03','Delivery per order'),
(9062,201,1300,7,5078,'RECEIPT',82.46,'2020-10-04','Delivery per order'),
(9374,202,1310,7,5455,'RECEIPT',46.8,'2020-10-04','Delivery per order'),
(9425,202,1400,2,5515,'RECEIPT',76.38,'2020-10-04','Delivery per order'),
(9644,203,1400,2,5773,'RECEIPT',46.49,'2020-10-04','Delivery per order'),
(10399,201,1310,NULL,NULL,'CONSUMPTION',64.51,'2020-10-04','Production use'),
(10826,201,1310,NULL,NULL,'CONSUMPTION',32.38,'2020-10-04','Production use'),
(10548,203,1310,NULL,NULL,'CONSUMPTION',40.57,'2020-10-05','Production use'),
(9184,201,1400,4,5226,'RECEIPT',26.24,'2020-10-06','Delivery per order'),
(9189,201,1400,4,5231,'RECEIPT',47.49,'2020-10-06','Delivery per order'),
(9484,203,1200,6,5583,'RECEIPT',50.64,'2020-10-06','Delivery per order'),
(10187,201,1200,NULL,NULL,'CONSUMPTION',46.63,'2020-10-06','Production use'),
(10702,201,1310,NULL,NULL,'CONSUMPTION',37.11,'2020-10-06','Production use'),
(10967,201,1400,NULL,NULL,'CONSUMPTION',21.16,'2020-10-06','Production use'),
(9817,203,1310,NULL,NULL,'CONSUMPTION',46.42,'2020-10-07','Production use'),
(10810,203,1400,NULL,NULL,'CONSUMPTION',49.75,'2020-10-07','Production use'),
(9493,203,1200,6,5592,'RECEIPT',77.07,'2020-10-08','Delivery per order'),
(9556,203,1300,8,5659,'RECEIPT',62.1,'2020-10-08','Delivery per order'),
(10378,202,1310,NULL,NULL,'CONSUMPTION',44.4,'2020-10-08','Production use'),
(10663,202,1300,NULL,NULL,'CONSUMPTION',18.46,'2020-10-08','Production use'),
(9596,203,1310,7,5710,'RECEIPT',47.74,'2020-10-09','Delivery per order'),
(9656,203,1400,2,5785,'RECEIPT',24.36,'2020-10-09','Delivery per order'),
(10071,203,1400,NULL,NULL,'CONSUMPTION',37.87,'2020-10-09','Production use'),
(9836,201,1200,NULL,NULL,'CONSUMPTION',10.68,'2020-10-10','Production use'),
(10728,202,1400,NULL,NULL,'CONSUMPTION',42.46,'2020-10-10','Production use'),
(10528,201,1300,NULL,NULL,'CONSUMPTION',25.23,'2020-10-11','Production use'),
(10543,203,1310,NULL,NULL,'CONSUMPTION',22.14,'2020-10-11','Production use'),
(10804,203,1400,NULL,NULL,'CONSUMPTION',72.75,'2020-10-12','Production use'),
(9763,203,1310,NULL,NULL,'CONSUMPTION',32.37,'2020-10-13','Production use'),
(10974,202,1310,NULL,NULL,'CONSUMPTION',76.02,'2020-10-14','Production use'),
(9079,201,1300,7,5095,'RECEIPT',39.8,'2020-10-16','Delivery per order'),
(9234,202,1200,1,5300,'RECEIPT',68.55,'2020-10-16','Delivery per order'),
(9973,201,1200,NULL,NULL,'CONSUMPTION',48.75,'2020-10-16','Production use'),
(10334,203,1200,NULL,NULL,'CONSUMPTION',43.81,'2020-10-16','Production use'),
(10666,201,1300,NULL,NULL,'CONSUMPTION',18.45,'2020-10-16','Production use'),
(9126,201,1310,7,5156,'RECEIPT',26.04,'2020-10-17','Delivery per order'),
(9561,203,1300,8,5664,'RECEIPT',66.88,'2020-10-17','Delivery per order'),
(11046,203,1400,NULL,NULL,'CONSUMPTION',47.13,'2020-10-17','Production use'),
(9237,202,1200,1,5303,'RECEIPT',71.69,'2020-10-18','Delivery per order'),
(10849,201,1400,NULL,NULL,'CONSUMPTION',19.01,'2020-10-18','Production use'),
(10477,202,1200,NULL,NULL,'CONSUMPTION',64.29,'2020-10-20','Production use'),
(10675,203,1400,NULL,NULL,'CONSUMPTION',18.88,'2020-10-20','Production use'),
(9121,201,1310,7,5151,'RECEIPT',51.42,'2020-10-21','Delivery per order'),
(9716,201,1310,NULL,NULL,'CONSUMPTION',29.28,'2020-10-21','Production use'),
(10622,203,1310,NULL,NULL,'CONSUMPTION',44.44,'2020-10-21','Production use'),
(10805,203,1300,NULL,NULL,'CONSUMPTION',51.86,'2020-10-21','Production use'),
(10158,202,1400,NULL,NULL,'CONSUMPTION',54.22,'2020-10-23','Production use'),
(10700,201,1200,NULL,NULL,'CONSUMPTION',72.33,'2020-10-23','Production use'),
(9139,201,1310,7,5169,'RECEIPT',97.77,'2020-10-24','Delivery per order'),
(10364,201,1310,NULL,NULL,'CONSUMPTION',40.1,'2020-10-24','Production use'),
(10424,203,1310,NULL,NULL,'CONSUMPTION',34.43,'2020-10-24','Production use'),
(10780,202,1310,NULL,NULL,'CONSUMPTION',75.17,'2020-10-24','Production use'),
(9138,201,1310,7,5168,'RECEIPT',27.45,'2020-10-25','Delivery per order'),
(9297,202,1300,4,5373,'RECEIPT',47.74,'2020-10-25','Delivery per order'),
(11029,201,1310,NULL,NULL,'CONSUMPTION',38.6,'2020-10-25','Production use'),
(9911,202,1200,NULL,NULL,'CONSUMPTION',57.84,'2020-10-26','Production use'),
(10009,201,1310,NULL,NULL,'CONSUMPTION',49.65,'2020-10-26','Production use'),
(10211,202,1300,NULL,NULL,'CONSUMPTION',15.62,'2020-10-26','Production use'),
(9699,203,1300,NULL,NULL,'CONSUMPTION',57.43,'2020-10-28','Production use'),
(10784,202,1400,NULL,NULL,'CONSUMPTION',72.72,'2020-10-28','Production use'),
(10897,202,1400,NULL,NULL,'CONSUMPTION',45.8,'2020-10-28','Production use'),
(9242,202,1200,1,5308,'RECEIPT',39.29,'2020-10-29','Delivery per order'),
(9704,201,1400,NULL,NULL,'CONSUMPTION',79.81,'2020-10-29','Production use'),
(11060,202,1400,NULL,NULL,'CONSUMPTION',44.51,'2020-10-30','Production use'),
(9136,201,1310,7,5166,'RECEIPT',89.51,'2020-11-01','Delivery per order'),
(9828,203,1300,NULL,NULL,'CONSUMPTION',56.83,'2020-11-01','Production use'),
(10490,203,1310,NULL,NULL,'CONSUMPTION',18.24,'2020-11-01','Production use'),
(10652,202,1400,NULL,NULL,'CONSUMPTION',75.81,'2020-11-01','Production use'),
(9070,201,1300,7,5086,'RECEIPT',99.27,'2020-11-02','Delivery per order'),
(9306,202,1300,4,5382,'RECEIPT',91.99,'2020-11-02','Delivery per order'),
(9372,202,1310,7,5453,'RECEIPT',75.48,'2020-11-02','Delivery per order'),
(9657,203,1400,2,5786,'RECEIPT',20.31,'2020-11-02','Delivery per order'),
(9710,202,1310,NULL,NULL,'CONSUMPTION',17.88,'2020-11-02','Production use'),
(10047,203,1200,NULL,NULL,'CONSUMPTION',57.91,'2020-11-02','Production use'),
(10142,201,1400,NULL,NULL,'CONSUMPTION',20.21,'2020-11-02','Production use'),
(10306,202,1300,NULL,NULL,'CONSUMPTION',47.8,'2020-11-02','Production use'),
(9196,201,1400,4,5238,'RECEIPT',84.48,'2020-11-03','Delivery per order'),
(9494,203,1200,6,5593,'RECEIPT',58.37,'2020-11-03','Delivery per order'),
(10027,203,1310,NULL,NULL,'CONSUMPTION',29.66,'2020-11-03','Production use'),
(10410,202,1300,NULL,NULL,'CONSUMPTION',49.58,'2020-11-03','Production use'),
(10963,202,1310,NULL,NULL,'CONSUMPTION',26.69,'2020-11-03','Production use'),
(9183,201,1400,4,5225,'RECEIPT',37.07,'2020-11-04','Delivery per order'),
(9303,202,1300,4,5379,'RECEIPT',89.88,'2020-11-04','Delivery per order'),
(10756,203,1400,NULL,NULL,'CONSUMPTION',20.36,'2020-11-04','Production use'),
(10203,201,1400,NULL,NULL,'CONSUMPTION',32.45,'2020-11-07','Production use'),
(9197,201,1400,4,5239,'RECEIPT',28.26,'2020-11-08','Delivery per order'),
(10359,202,1310,NULL,NULL,'CONSUMPTION',26.83,'2020-11-08','Production use'),
(9025,201,1200,1,5025,'RECEIPT',45.05,'2020-11-10','Delivery per order'),
(10772,201,1310,NULL,NULL,'CONSUMPTION',68.75,'2020-11-10','Production use'),
(10583,201,1300,NULL,NULL,'CONSUMPTION',77.71,'2020-11-11','Production use'),
(11084,202,1200,NULL,NULL,'CONSUMPTION',55.3,'2020-11-11','Production use'),
(9598,203,1310,7,5712,'RECEIPT',70.89,'2020-11-12','Delivery per order'),
(10290,203,1200,NULL,NULL,'CONSUMPTION',49.95,'2020-11-12','Production use'),
(9930,201,1200,NULL,NULL,'CONSUMPTION',33.14,'2020-11-13','Production use'),
(9124,201,1310,7,5154,'RECEIPT',70.23,'2020-11-14','Delivery per order'),
(10173,201,1300,NULL,NULL,'CONSUMPTION',28.37,'2020-11-14','Production use'),
(9024,201,1200,1,5024,'RECEIPT',73.77,'2020-11-15','Delivery per order'),
(9257,202,1200,1,5323,'RECEIPT',66.99,'2020-11-15','Delivery per order'),
(10781,202,1400,NULL,NULL,'CONSUMPTION',74.95,'2020-11-15','Production use'),
(10917,202,1400,NULL,NULL,'CONSUMPTION',49.36,'2020-11-16','Production use'),
(9859,201,1200,NULL,NULL,'CONSUMPTION',55.04,'2020-11-17','Production use'),
(10708,201,1400,NULL,NULL,'CONSUMPTION',72.05,'2020-11-17','Production use'),
(9594,203,1310,7,5708,'RECEIPT',46.49,'2020-11-18','Delivery per order'),
(10088,203,1310,NULL,NULL,'CONSUMPTION',10.02,'2020-11-18','Production use'),
(9305,202,1300,4,5381,'RECEIPT',29.44,'2020-11-19','Delivery per order'),
(9566,203,1300,8,5669,'RECEIPT',54.95,'2020-11-19','Delivery per order'),
(10365,203,1310,NULL,NULL,'CONSUMPTION',75.31,'2020-11-19','Production use'),
(10670,203,1310,NULL,NULL,'CONSUMPTION',52.87,'2020-11-19','Production use'),
(11007,203,1300,NULL,NULL,'CONSUMPTION',15.76,'2020-11-19','Production use'),
(9188,201,1400,4,5230,'RECEIPT',20.65,'2020-11-20','Delivery per order'),
(9066,201,1300,7,5082,'RECEIPT',60.86,'2020-11-21','Delivery per order'),
(9072,201,1300,7,5088,'RECEIPT',80.54,'2020-11-21','Delivery per order'),
(9180,201,1400,4,5222,'RECEIPT',54.34,'2020-11-21','Delivery per order'),
(9602,203,1310,7,5716,'RECEIPT',78.34,'2020-11-21','Delivery per order'),
(9193,201,1400,4,5235,'RECEIPT',58.22,'2020-11-22','Delivery per order'),
(10008,203,1200,NULL,NULL,'CONSUMPTION',19.83,'2020-11-22','Production use'),
(9240,202,1200,1,5306,'RECEIPT',39.15,'2020-11-24','Delivery per order'),
(9612,203,1310,7,5726,'RECEIPT',53.57,'2020-11-24','Delivery per order'),
(10244,203,1300,NULL,NULL,'CONSUMPTION',74.01,'2020-11-24','Production use'),
(10863,203,1300,NULL,NULL,'CONSUMPTION',34.35,'2020-11-24','Production use'),
(10961,202,1200,NULL,NULL,'CONSUMPTION',67.66,'2020-11-24','Production use'),
(10996,202,1200,NULL,NULL,'CONSUMPTION',24.73,'2020-11-24','Production use'),
(9488,203,1200,6,5587,'RECEIPT',39.93,'2020-11-25','Delivery per order'),
(9910,201,1400,NULL,NULL,'CONSUMPTION',28.69,'2020-11-25','Production use'),
(10033,201,1400,NULL,NULL,'CONSUMPTION',13.02,'2020-11-25','Production use'),
(10770,202,1400,NULL,NULL,'CONSUMPTION',76.93,'2020-11-25','Production use'),
(9252,202,1200,1,5318,'RECEIPT',63.71,'2020-11-26','Delivery per order'),
(9659,203,1400,2,5788,'RECEIPT',85.91,'2020-11-26','Delivery per order'),
(10031,202,1400,NULL,NULL,'CONSUMPTION',24.75,'2020-11-26','Production use'),
(10073,202,1400,NULL,NULL,'CONSUMPTION',64.82,'2020-11-27','Production use'),
(9253,202,1200,1,5319,'RECEIPT',33.82,'2020-11-28','Delivery per order'),
(9563,203,1300,8,5666,'RECEIPT',45.81,'2020-11-29','Delivery per order'),
(9606,203,1310,7,5720,'RECEIPT',75.45,'2020-11-29','Delivery per order'),
(10839,202,1310,NULL,NULL,'CONSUMPTION',33.82,'2020-11-29','Production use'),
(10147,202,1310,NULL,NULL,'CONSUMPTION',16.93,'2020-11-30','Production use'),
(10403,203,1400,NULL,NULL,'CONSUMPTION',55.4,'2020-12-01','Production use'),
(9804,202,1300,NULL,NULL,'CONSUMPTION',62.51,'2020-12-03','Production use'),
(11052,203,1200,NULL,NULL,'CONSUMPTION',31.91,'2020-12-03','Production use'),
(9481,203,1200,6,5580,'RECEIPT',90.62,'2020-12-05','Delivery per order'),
(10007,201,1200,NULL,NULL,'CONSUMPTION',56.39,'2020-12-05','Production use'),
(10465,203,1310,NULL,NULL,'CONSUMPTION',47.4,'2020-12-05','Production use'),
(10035,203,1300,NULL,NULL,'CONSUMPTION',20.28,'2020-12-06','Production use'),
(9007,201,1200,1,5007,'RECEIPT',49.26,'2020-12-07','Delivery per order'),
(9843,203,1310,NULL,NULL,'CONSUMPTION',72.03,'2020-12-07','Production use'),
(9250,202,1200,1,5316,'RECEIPT',87.12,'2020-12-08','Delivery per order'),
(9701,201,1310,NULL,NULL,'CONSUMPTION',76.43,'2020-12-08','Production use'),
(10832,201,1300,NULL,NULL,'CONSUMPTION',51.91,'2020-12-08','Production use'),
(9299,202,1300,4,5375,'RECEIPT',85.8,'2020-12-09','Delivery per order'),
(11062,202,1200,NULL,NULL,'CONSUMPTION',22.65,'2020-12-10','Production use'),
(9013,201,1200,1,5013,'RECEIPT',45.07,'2020-12-11','Delivery per order'),
(9788,202,1400,NULL,NULL,'CONSUMPTION',29.15,'2020-12-11','Production use'),
(9989,202,1300,NULL,NULL,'CONSUMPTION',77.11,'2020-12-11','Production use'),
(10890,203,1400,NULL,NULL,'CONSUMPTION',74.77,'2020-12-11','Production use'),
(11017,202,1200,NULL,NULL,'CONSUMPTION',59.09,'2020-12-11','Production use'),
(10571,201,1200,NULL,NULL,'CONSUMPTION',54.05,'2020-12-12','Production use'),
(10086,203,1200,NULL,NULL,'CONSUMPTION',58.89,'2020-12-13','Production use'),
(11043,203,1300,NULL,NULL,'CONSUMPTION',22.56,'2020-12-13','Production use'),
(10709,203,1310,NULL,NULL,'CONSUMPTION',76.69,'2020-12-14','Production use'),
(9006,201,1200,1,5006,'RECEIPT',62.95,'2020-12-15','Delivery per order'),
(10409,203,1200,NULL,NULL,'CONSUMPTION',36.64,'2020-12-15','Production use'),
(10511,202,1400,NULL,NULL,'CONSUMPTION',42.29,'2020-12-15','Production use'),
(9357,202,1310,7,5438,'RECEIPT',82.76,'2020-12-16','Delivery per order'),
(9369,202,1310,7,5450,'RECEIPT',21.91,'2020-12-18','Delivery per order'),
(9233,202,1200,1,5299,'RECEIPT',36.44,'2020-12-19','Delivery per order'),
(9660,203,1400,2,5789,'RECEIPT',70.01,'2020-12-20','Delivery per order'),
(9747,202,1400,NULL,NULL,'CONSUMPTION',73.81,'2020-12-20','Production use'),
(9410,202,1400,2,5500,'RECEIPT',30.89,'2020-12-21','Delivery per order'),
(9604,203,1310,7,5718,'RECEIPT',20.91,'2020-12-21','Delivery per order'),
(9890,201,1310,NULL,NULL,'CONSUMPTION',58.43,'2020-12-21','Production use'),
(10019,203,1300,NULL,NULL,'CONSUMPTION',48.1,'2020-12-22','Production use'),
(9495,203,1200,6,5594,'RECEIPT',82.51,'2020-12-23','Delivery per order'),
(10127,203,1200,NULL,NULL,'CONSUMPTION',34.31,'2020-12-23','Production use'),
(10154,203,1300,NULL,NULL,'CONSUMPTION',50.31,'2020-12-23','Production use'),
(10578,203,1400,NULL,NULL,'CONSUMPTION',17.81,'2020-12-23','Production use'),
(10677,202,1310,NULL,NULL,'CONSUMPTION',26.75,'2020-12-23','Production use'),
(9562,203,1300,8,5665,'RECEIPT',46.92,'2020-12-24','Delivery per order'),
(10471,201,1400,NULL,NULL,'CONSUMPTION',46.76,'2020-12-24','Production use'),
(10981,201,1400,NULL,NULL,'CONSUMPTION',20.1,'2020-12-24','Production use'),
(9995,202,1400,NULL,NULL,'CONSUMPTION',48.62,'2020-12-25','Production use'),
(10143,202,1400,NULL,NULL,'CONSUMPTION',66.4,'2020-12-27','Production use'),
(9078,201,1300,7,5094,'RECEIPT',72.29,'2020-12-28','Delivery per order'),
(9115,201,1310,7,5145,'RECEIPT',76.11,'2020-12-28','Delivery per order'),
(9786,201,1300,NULL,NULL,'CONSUMPTION',44.13,'2020-12-28','Production use'),
(10180,203,1200,NULL,NULL,'CONSUMPTION',41.14,'2020-12-28','Production use'),
(9738,202,1400,NULL,NULL,'CONSUMPTION',51.58,'2020-12-29','Production use'),
(10428,201,1310,NULL,NULL,'CONSUMPTION',57.05,'2020-12-29','Production use'),
(9902,203,1400,NULL,NULL,'CONSUMPTION',55.51,'2020-12-30','Production use'),
(9959,201,1300,NULL,NULL,'CONSUMPTION',15.13,'2020-12-30','Production use'),
(11080,201,1300,NULL,NULL,'CONSUMPTION',37.92,'2020-12-30','Production use'),
(9130,201,1310,7,5160,'RECEIPT',79.98,'2020-12-31','Delivery per order'),
(10112,201,1300,NULL,NULL,'CONSUMPTION',48.82,'2020-12-31','Production use'),
(10427,201,1300,NULL,NULL,'CONSUMPTION',39.19,'2020-12-31','Production use'),
(10621,201,1400,NULL,NULL,'CONSUMPTION',52.72,'2020-12-31','Production use'),
(10271,203,1200,NULL,NULL,'CONSUMPTION',55.98,'2021-01-01','Production use'),
(10411,201,1310,NULL,NULL,'CONSUMPTION',70.82,'2021-01-01','Production use'),
(10753,201,1300,NULL,NULL,'CONSUMPTION',15.61,'2021-01-01','Production use'),
(9125,201,1310,7,5155,'RECEIPT',50.01,'2021-01-02','Delivery per order'),
(9232,202,1200,1,5298,'RECEIPT',90.07,'2021-01-02','Delivery per order'),
(10602,203,1200,NULL,NULL,'CONSUMPTION',33.62,'2021-01-03','Production use'),
(10678,203,1300,NULL,NULL,'CONSUMPTION',58.42,'2021-01-03','Production use'),
(9186,201,1400,4,5228,'RECEIPT',61.56,'2021-01-04','Delivery per order'),
(9785,201,1310,NULL,NULL,'CONSUMPTION',32.15,'2021-01-04','Production use'),
(10275,201,1300,NULL,NULL,'CONSUMPTION',21.68,'2021-01-04','Production use'),
(10950,203,1300,NULL,NULL,'CONSUMPTION',46.08,'2021-01-04','Production use'),
(11066,203,1200,NULL,NULL,'CONSUMPTION',63.68,'2021-01-04','Production use'),
(9771,201,1310,NULL,NULL,'CONSUMPTION',68.84,'2021-01-05','Production use'),
(10581,203,1400,NULL,NULL,'CONSUMPTION',26.53,'2021-01-05','Production use'),
(9846,203,1300,NULL,NULL,'CONSUMPTION',57.49,'2021-01-06','Production use'),
(10213,201,1300,NULL,NULL,'CONSUMPTION',48.02,'2021-01-06','Production use'),
(10041,203,1300,NULL,NULL,'CONSUMPTION',19.99,'2021-01-07','Production use'),
(10771,203,1400,NULL,NULL,'CONSUMPTION',47.47,'2021-01-08','Production use'),
(9773,203,1400,NULL,NULL,'CONSUMPTION',28.11,'2021-01-09','Production use'),
(9485,203,1200,6,5584,'RECEIPT',53.54,'2021-01-10','Delivery per order'),
(10831,201,1400,NULL,NULL,'CONSUMPTION',63.65,'2021-01-10','Production use'),
(9935,203,1200,NULL,NULL,'CONSUMPTION',25.4,'2021-01-11','Production use'),
(10377,203,1400,NULL,NULL,'CONSUMPTION',55.47,'2021-01-11','Production use'),
(10611,202,1310,NULL,NULL,'CONSUMPTION',55.95,'2021-01-13','Production use'),
(10860,203,1300,NULL,NULL,'CONSUMPTION',73.08,'2021-01-13','Production use'),
(10871,202,1300,NULL,NULL,'CONSUMPTION',58.87,'2021-01-14','Production use'),
(10553,202,1310,NULL,NULL,'CONSUMPTION',34.87,'2021-01-15','Production use'),
(10132,203,1300,NULL,NULL,'CONSUMPTION',70.33,'2021-01-18','Production use'),
(10466,203,1300,NULL,NULL,'CONSUMPTION',52.4,'2021-01-18','Production use'),
(9726,203,1300,NULL,NULL,'CONSUMPTION',55.19,'2021-01-19','Production use'),
(9767,203,1300,NULL,NULL,'CONSUMPTION',59.56,'2021-01-23','Production use'),
(10241,203,1200,NULL,NULL,'CONSUMPTION',58.79,'2021-01-23','Production use'),
(10114,203,1300,NULL,NULL,'CONSUMPTION',28.84,'2021-01-24','Production use'),
(9883,201,1400,NULL,NULL,'CONSUMPTION',41.99,'2021-01-25','Production use'),
(9732,203,1300,NULL,NULL,'CONSUMPTION',12.03,'2021-01-29','Production use'),
(9949,202,1400,NULL,NULL,'CONSUMPTION',13.07,'2021-01-29','Production use'),
(10270,203,1200,NULL,NULL,'CONSUMPTION',36.97,'2021-01-30','Production use'),
(10444,203,1400,NULL,NULL,'CONSUMPTION',30.33,'2021-01-31','Production use'),
(9979,203,1300,NULL,NULL,'CONSUMPTION',68.43,'2021-02-01','Production use'),
(10095,201,1400,NULL,NULL,'CONSUMPTION',52.45,'2021-02-02','Production use'),
(10601,203,1400,NULL,NULL,'CONSUMPTION',57.03,'2021-02-03','Production use'),
(10790,201,1200,NULL,NULL,'CONSUMPTION',52.57,'2021-02-03','Production use'),
(9881,201,1300,NULL,NULL,'CONSUMPTION',27.8,'2021-02-05','Production use'),
(10316,202,1400,NULL,NULL,'CONSUMPTION',37.67,'2021-02-05','Production use'),
(9923,203,1300,NULL,NULL,'CONSUMPTION',48.26,'2021-02-06','Production use'),
(9997,201,1310,NULL,NULL,'CONSUMPTION',72.39,'2021-02-06','Production use'),
(10315,201,1310,NULL,NULL,'CONSUMPTION',43.66,'2021-02-09','Production use'),
(11016,201,1300,NULL,NULL,'CONSUMPTION',78.19,'2021-02-10','Production use'),
(10153,202,1300,NULL,NULL,'CONSUMPTION',70.72,'2021-02-11','Production use'),
(10891,201,1300,NULL,NULL,'CONSUMPTION',35.46,'2021-02-11','Production use'),
(9821,202,1400,NULL,NULL,'CONSUMPTION',23.91,'2021-02-13','Production use'),
(9783,201,1310,NULL,NULL,'CONSUMPTION',19.62,'2021-02-14','Production use'),
(9088,201,1300,10,5105,'RECEIPT',36.79,'2021-02-16','Delivery per order'),
(9822,202,1200,NULL,NULL,'CONSUMPTION',68.2,'2021-02-17','Production use'),
(10256,201,1310,NULL,NULL,'CONSUMPTION',71.14,'2021-02-17','Production use'),
(10401,201,1200,NULL,NULL,'CONSUMPTION',22.52,'2021-02-17','Production use'),
(10905,202,1400,NULL,NULL,'CONSUMPTION',65.49,'2021-02-17','Production use'),
(10362,203,1310,NULL,NULL,'CONSUMPTION',19.7,'2021-02-18','Production use'),
(10382,203,1400,NULL,NULL,'CONSUMPTION',56.99,'2021-02-19','Production use'),
(11023,201,1300,NULL,NULL,'CONSUMPTION',25.71,'2021-02-20','Production use'),
(11061,201,1300,NULL,NULL,'CONSUMPTION',34.47,'2021-02-21','Production use'),
(9085,201,1300,10,5101,'RECEIPT',89.22,'2021-02-22','Delivery per order'),
(10740,203,1200,NULL,NULL,'CONSUMPTION',59.65,'2021-02-23','Production use'),
(9814,202,1400,NULL,NULL,'CONSUMPTION',59.13,'2021-02-24','Production use'),
(10062,201,1200,NULL,NULL,'CONSUMPTION',36.25,'2021-02-24','Production use'),
(10479,203,1310,NULL,NULL,'CONSUMPTION',79.49,'2021-02-24','Production use'),
(10775,202,1200,NULL,NULL,'CONSUMPTION',35.88,'2021-02-24','Production use'),
(10859,201,1300,NULL,NULL,'CONSUMPTION',74.41,'2021-02-24','Production use'),
(9624,203,1310,10,5741,'RECEIPT',83.94,'2021-02-25','Delivery per order'),
(10936,201,1300,NULL,NULL,'CONSUMPTION',58.36,'2021-02-25','Production use'),
(9154,201,1310,9,5186,'RECEIPT',91.53,'2021-02-26','Delivery per order'),
(9627,203,1310,10,5746,'RECEIPT',40.89,'2021-02-26','Delivery per order'),
(9380,202,1310,7,5461,'RECEIPT',98.65,'2021-02-27','Delivery per order'),
(9744,201,1400,NULL,NULL,'CONSUMPTION',55.32,'2021-02-27','Production use'),
(10013,201,1400,NULL,NULL,'CONSUMPTION',13.0,'2021-02-27','Production use'),
(10361,202,1400,NULL,NULL,'CONSUMPTION',47.96,'2021-02-27','Production use'),
(11026,201,1310,NULL,NULL,'CONSUMPTION',40.19,'2021-02-27','Production use'),
(9572,203,1300,4,5679,'RECEIPT',91.17,'2021-02-28','Delivery per order'),
(10446,203,1310,NULL,NULL,'CONSUMPTION',65.77,'2021-02-28','Production use'),
(10733,202,1200,NULL,NULL,'CONSUMPTION',58.86,'2021-02-28','Production use'),
(10422,203,1200,NULL,NULL,'CONSUMPTION',29.47,'2021-03-01','Production use'),
(10219,203,1200,NULL,NULL,'CONSUMPTION',56.62,'2021-03-02','Production use'),
(10461,203,1200,NULL,NULL,'CONSUMPTION',47.51,'2021-03-02','Production use'),
(10518,202,1310,NULL,NULL,'CONSUMPTION',14.62,'2021-03-02','Production use'),
(10684,201,1400,NULL,NULL,'CONSUMPTION',42.5,'2021-03-02','Production use'),
(11082,201,1300,NULL,NULL,'CONSUMPTION',11.44,'2021-03-02','Production use'),
(9334,202,1300,4,5410,'RECEIPT',77.12,'2021-03-03','Delivery per order'),
(10261,201,1200,NULL,NULL,'CONSUMPTION',75.11,'2021-03-03','Production use'),
(9393,202,1310,7,5474,'RECEIPT',66.46,'2021-03-05','Delivery per order'),
(9508,203,1200,1,5607,'RECEIPT',66.72,'2021-03-05','Delivery per order'),
(10435,203,1200,NULL,NULL,'CONSUMPTION',38.96,'2021-03-05','Production use'),
(10743,203,1400,NULL,NULL,'CONSUMPTION',75.74,'2021-03-05','Production use'),
(9952,201,1200,NULL,NULL,'CONSUMPTION',53.89,'2021-03-07','Production use'),
(10586,203,1400,NULL,NULL,'CONSUMPTION',54.63,'2021-03-07','Production use'),
(9502,203,1200,1,5601,'RECEIPT',22.34,'2021-03-08','Delivery per order'),
(9806,203,1400,NULL,NULL,'CONSUMPTION',78.94,'2021-03-08','Production use'),
(10542,202,1310,NULL,NULL,'CONSUMPTION',36.71,'2021-03-08','Production use'),
(9382,202,1310,7,5463,'RECEIPT',96.89,'2021-03-09','Delivery per order'),
(10332,202,1300,NULL,NULL,'CONSUMPTION',24.63,'2021-03-09','Production use'),
(10448,201,1200,NULL,NULL,'CONSUMPTION',33.37,'2021-03-10','Production use'),
(11064,203,1300,NULL,NULL,'CONSUMPTION',72.36,'2021-03-10','Production use'),
(9938,201,1300,NULL,NULL,'CONSUMPTION',34.46,'2021-03-12','Production use'),
(9953,203,1310,NULL,NULL,'CONSUMPTION',54.07,'2021-03-12','Production use'),
(10664,202,1300,NULL,NULL,'CONSUMPTION',68.55,'2021-03-12','Production use'),
(10952,201,1310,NULL,NULL,'CONSUMPTION',50.38,'2021-03-12','Production use'),
(9743,201,1310,NULL,NULL,'CONSUMPTION',69.77,'2021-03-14','Production use'),
(10869,203,1400,NULL,NULL,'CONSUMPTION',16.91,'2021-03-14','Production use'),
(9090,201,1300,10,5107,'RECEIPT',75.13,'2021-03-15','Delivery per order'),
(9156,201,1310,9,5188,'RECEIPT',23.68,'2021-03-16','Delivery per order'),
(9210,201,1400,3,5266,'RECEIPT',37.04,'2021-03-16','Delivery per order'),
(9034,201,1200,1,5035,'RECEIPT',58.93,'2021-03-17','Delivery per order'),
(9574,203,1300,4,5682,'RECEIPT',48.55,'2021-03-17','Delivery per order'),
(9667,203,1400,2,5796,'RECEIPT',29.24,'2021-03-19','Delivery per order'),
(10712,202,1400,NULL,NULL,'CONSUMPTION',70.35,'2021-03-19','Production use'),
(9377,202,1310,7,5458,'RECEIPT',79.05,'2021-03-20','Delivery per order'),
(10208,201,1310,NULL,NULL,'CONSUMPTION',11.03,'2021-03-20','Production use'),
(10608,203,1300,NULL,NULL,'CONSUMPTION',16.44,'2021-03-20','Production use'),
(9208,201,1400,3,5262,'RECEIPT',33.13,'2021-03-21','Delivery per order'),
(9899,203,1400,NULL,NULL,'CONSUMPTION',61.58,'2021-03-21','Production use'),
(9041,201,1200,1,5047,'RECEIPT',34.97,'2021-03-22','Delivery per order'),
(9446,202,1400,2,5536,'RECEIPT',82.48,'2021-03-22','Delivery per order'),
(9385,202,1310,7,5466,'RECEIPT',42.39,'2021-03-23','Delivery per order'),
(10113,202,1400,NULL,NULL,'CONSUMPTION',31.97,'2021-03-23','Production use'),
(10623,203,1200,NULL,NULL,'CONSUMPTION',63.81,'2021-03-23','Production use'),
(9157,201,1310,9,5189,'RECEIPT',70.09,'2021-03-25','Delivery per order'),
(9435,202,1400,2,5525,'RECEIPT',85.61,'2021-03-25','Delivery per order'),
(9458,202,1400,2,5548,'RECEIPT',71.68,'2021-03-26','Delivery per order'),
(9970,202,1400,NULL,NULL,'CONSUMPTION',20.94,'2021-03-26','Production use'),
(9319,202,1300,4,5395,'RECEIPT',81.87,'2021-03-27','Delivery per order'),
(10106,202,1310,NULL,NULL,'CONSUMPTION',54.36,'2021-03-27','Production use'),
(10660,201,1300,NULL,NULL,'CONSUMPTION',17.99,'2021-03-27','Production use'),
(10698,201,1400,NULL,NULL,'CONSUMPTION',36.29,'2021-03-27','Production use'),
(10788,202,1200,NULL,NULL,'CONSUMPTION',11.74,'2021-03-27','Production use'),
(9379,202,1310,7,5460,'RECEIPT',36.42,'2021-03-28','Delivery per order'),
(9978,201,1310,NULL,NULL,'CONSUMPTION',21.27,'2021-03-28','Production use'),
(10307,202,1300,NULL,NULL,'CONSUMPTION',45.17,'2021-03-28','Production use'),
(9399,202,1310,7,5480,'RECEIPT',73.0,'2021-03-29','Delivery per order'),
(9990,201,1200,NULL,NULL,'CONSUMPTION',31.93,'2021-03-29','Production use'),
(9876,201,1300,NULL,NULL,'CONSUMPTION',16.82,'2021-03-30','Production use'),
(10287,201,1200,NULL,NULL,'CONSUMPTION',31.02,'2021-03-30','Production use'),
(9768,202,1300,NULL,NULL,'CONSUMPTION',60.86,'2021-03-31','Production use'),
(10381,202,1200,NULL,NULL,'CONSUMPTION',76.51,'2021-03-31','Production use'),
(10716,202,1300,NULL,NULL,'CONSUMPTION',40.4,'2021-03-31','Production use'),
(10022,203,1200,NULL,NULL,'CONSUMPTION',27.61,'2021-04-01','Production use'),
(9265,202,1200,1,5335,'RECEIPT',81.37,'2021-04-03','Delivery per order'),
(9748,203,1300,NULL,NULL,'CONSUMPTION',66.06,'2021-04-03','Production use'),
(9853,203,1400,NULL,NULL,'CONSUMPTION',50.37,'2021-04-03','Production use'),
(10506,202,1400,NULL,NULL,'CONSUMPTION',26.22,'2021-04-03','Production use'),
(9398,202,1310,7,5479,'RECEIPT',24.98,'2021-04-04','Delivery per order'),
(9805,202,1310,NULL,NULL,'CONSUMPTION',11.34,'2021-04-04','Production use'),
(9915,203,1300,NULL,NULL,'CONSUMPTION',70.76,'2021-04-04','Production use'),
(9150,201,1310,9,5181,'RECEIPT',63.78,'2021-04-06','Delivery per order'),
(10355,203,1200,NULL,NULL,'CONSUMPTION',76.44,'2021-04-06','Production use'),
(9039,201,1200,1,5045,'RECEIPT',33.35,'2021-04-08','Delivery per order'),
(9796,203,1310,NULL,NULL,'CONSUMPTION',61.35,'2021-04-08','Production use'),
(9570,203,1300,4,5675,'RECEIPT',76.57,'2021-04-09','Delivery per order'),
(10767,201,1310,NULL,NULL,'CONSUMPTION',65.25,'2021-04-09','Production use'),
(10358,203,1200,NULL,NULL,'CONSUMPTION',77.24,'2021-04-10','Production use'),
(9388,202,1310,7,5469,'RECEIPT',87.64,'2021-04-11','Delivery per order'),
(9630,203,1310,10,5750,'RECEIPT',91.03,'2021-04-11','Delivery per order'),
(9723,203,1400,NULL,NULL,'CONSUMPTION',57.94,'2021-04-11','Production use'),
(9960,202,1200,NULL,NULL,'CONSUMPTION',49.07,'2021-04-11','Production use'),
(10874,202,1310,NULL,NULL,'CONSUMPTION',25.0,'2021-04-11','Production use'),
(11015,203,1200,NULL,NULL,'CONSUMPTION',55.3,'2021-04-13','Production use'),
(10054,203,1400,NULL,NULL,'CONSUMPTION',47.09,'2021-04-14','Production use'),
(9441,202,1400,2,5531,'RECEIPT',27.58,'2021-04-15','Delivery per order'),
(10072,203,1310,NULL,NULL,'CONSUMPTION',18.34,'2021-04-15','Production use'),
(10710,203,1300,NULL,NULL,'CONSUMPTION',77.91,'2021-04-15','Production use'),
(9264,202,1200,1,5334,'RECEIPT',77.01,'2021-04-17','Delivery per order'),
(10373,203,1300,NULL,NULL,'CONSUMPTION',49.69,'2021-04-17','Production use'),
(9260,202,1200,1,5328,'RECEIPT',93.81,'2021-04-18','Delivery per order'),
(9261,202,1200,1,5330,'RECEIPT',95.89,'2021-04-18','Delivery per order'),
(9449,202,1400,2,5539,'RECEIPT',52.05,'2021-04-18','Delivery per order'),
(10269,201,1300,NULL,NULL,'CONSUMPTION',17.09,'2021-04-18','Production use'),
(10761,201,1400,NULL,NULL,'CONSUMPTION',14.41,'2021-04-20','Production use'),
(9454,202,1400,2,5544,'RECEIPT',93.39,'2021-04-21','Delivery per order'),
(10443,202,1400,NULL,NULL,'CONSUMPTION',66.56,'2021-04-21','Production use'),
(9445,202,1400,2,5535,'RECEIPT',24.93,'2021-04-24','Delivery per order'),
(9984,202,1300,NULL,NULL,'CONSUMPTION',35.0,'2021-04-25','Production use'),
(10115,202,1400,NULL,NULL,'CONSUMPTION',61.6,'2021-04-25','Production use'),
(10926,203,1310,NULL,NULL,'CONSUMPTION',27.1,'2021-04-25','Production use'),
(11038,201,1200,NULL,NULL,'CONSUMPTION',33.3,'2021-04-25','Production use'),
(9578,203,1300,4,5688,'RECEIPT',78.72,'2021-04-27','Delivery per order'),
(10140,203,1400,NULL,NULL,'CONSUMPTION',28.9,'2021-04-27','Production use'),
(10681,202,1300,NULL,NULL,'CONSUMPTION',39.32,'2021-04-27','Production use'),
(10995,202,1200,NULL,NULL,'CONSUMPTION',31.06,'2021-04-27','Production use'),
(10520,203,1300,NULL,NULL,'CONSUMPTION',65.11,'2021-04-28','Production use'),
(10962,202,1200,NULL,NULL,'CONSUMPTION',58.08,'2021-04-28','Production use'),
(9153,201,1310,9,5185,'RECEIPT',83.06,'2021-04-29','Delivery per order'),
(9206,201,1400,3,5257,'RECEIPT',65.06,'2021-04-29','Delivery per order'),
(9514,203,1200,1,5613,'RECEIPT',83.3,'2021-04-29','Delivery per order'),
(10993,203,1310,NULL,NULL,'CONSUMPTION',18.54,'2021-04-29','Production use'),
(9329,202,1300,4,5405,'RECEIPT',93.62,'2021-05-03','Delivery per order'),
(10646,201,1400,NULL,NULL,'CONSUMPTION',11.78,'2021-05-03','Production use'),
(10741,201,1310,NULL,NULL,'CONSUMPTION',78.69,'2021-05-03','Production use'),
(9618,203,1310,10,5734,'RECEIPT',86.3,'2021-05-04','Delivery per order'),
(10087,203,1310,NULL,NULL,'CONSUMPTION',12.52,'2021-05-04','Production use'),
(10249,203,1300,NULL,NULL,'CONSUMPTION',69.98,'2021-05-04','Production use'),
(10990,203,1400,NULL,NULL,'CONSUMPTION',74.22,'2021-05-05','Production use'),
(9159,201,1310,9,5191,'RECEIPT',21.3,'2021-05-07','Delivery per order'),
(9383,202,1310,7,5464,'RECEIPT',97.8,'2021-05-07','Delivery per order'),
(9761,201,1400,NULL,NULL,'CONSUMPTION',20.5,'2021-05-07','Production use'),
(10280,203,1400,NULL,NULL,'CONSUMPTION',32.64,'2021-05-07','Production use'),
(9028,201,1200,1,5028,'RECEIPT',49.86,'2021-05-08','Delivery per order'),
(9623,203,1310,10,5739,'RECEIPT',56.1,'2021-05-08','Delivery per order'),
(9097,201,1300,10,5118,'RECEIPT',84.44,'2021-05-10','Delivery per order'),
(10600,202,1400,NULL,NULL,'CONSUMPTION',64.12,'2021-05-10','Production use'),
(10864,203,1200,NULL,NULL,'CONSUMPTION',64.66,'2021-05-10','Production use'),
(10228,203,1300,NULL,NULL,'CONSUMPTION',18.38,'2021-05-12','Production use'),
(10328,201,1300,NULL,NULL,'CONSUMPTION',61.77,'2021-05-12','Production use'),
(10102,203,1300,NULL,NULL,'CONSUMPTION',43.85,'2021-05-13','Production use'),
(10668,203,1200,NULL,NULL,'CONSUMPTION',21.55,'2021-05-13','Production use'),
(9943,201,1400,NULL,NULL,'CONSUMPTION',73.31,'2021-05-14','Production use'),
(10516,203,1300,NULL,NULL,'CONSUMPTION',38.94,'2021-05-14','Production use'),
(10421,203,1300,NULL,NULL,'CONSUMPTION',52.01,'2021-05-16','Production use'),
(10818,202,1310,NULL,NULL,'CONSUMPTION',22.56,'2021-05-16','Production use'),
(9212,201,1400,3,5269,'RECEIPT',93.59,'2021-05-17','Delivery per order'),
(10390,201,1200,NULL,NULL,'CONSUMPTION',71.44,'2021-05-18','Production use'),
(11067,202,1310,NULL,NULL,'CONSUMPTION',74.43,'2021-05-19','Production use'),
(9622,203,1310,10,5738,'RECEIPT',38.05,'2021-05-20','Delivery per order'),
(9517,203,1200,1,5616,'RECEIPT',95.82,'2021-05-21','Delivery per order'),
(9031,201,1200,1,5031,'RECEIPT',67.71,'2021-05-22','Delivery per order'),
(9509,203,1200,1,5608,'RECEIPT',38.62,'2021-05-22','Delivery per order'),
(10715,203,1400,NULL,NULL,'CONSUMPTION',71.08,'2021-05-22','Production use'),
(9434,202,1400,2,5524,'RECEIPT',43.91,'2021-05-23','Delivery per order'),
(9520,203,1200,1,5619,'RECEIPT',51.07,'2021-05-23','Delivery per order'),
(9894,203,1300,NULL,NULL,'CONSUMPTION',74.11,'2021-05-23','Production use'),
(11031,201,1400,NULL,NULL,'CONSUMPTION',53.24,'2021-05-23','Production use'),
(9856,202,1310,NULL,NULL,'CONSUMPTION',56.32,'2021-05-24','Production use'),
(9325,202,1300,4,5401,'RECEIPT',88.7,'2021-05-25','Delivery per order'),
(9733,201,1400,NULL,NULL,'CONSUMPTION',68.59,'2021-05-25','Production use'),
(9669,203,1400,2,5800,'RECEIPT',57.68,'2021-05-26','Delivery per order'),
(10117,201,1400,NULL,NULL,'CONSUMPTION',26.04,'2021-05-26','Production use'),
(10193,203,1200,NULL,NULL,'CONSUMPTION',40.6,'2021-05-26','Production use'),
(9089,201,1300,10,5106,'RECEIPT',79.01,'2021-05-27','Delivery per order'),
(10100,203,1200,NULL,NULL,'CONSUMPTION',76.97,'2021-05-27','Production use'),
(10214,201,1400,NULL,NULL,'CONSUMPTION',72.7,'2021-05-27','Production use'),
(9982,202,1200,NULL,NULL,'CONSUMPTION',57.02,'2021-05-28','Production use'),
(10626,201,1300,NULL,NULL,'CONSUMPTION',14.93,'2021-05-28','Production use'),
(10898,202,1400,NULL,NULL,'CONSUMPTION',17.56,'2021-05-28','Production use'),
(9920,203,1200,NULL,NULL,'CONSUMPTION',13.77,'2021-05-29','Production use'),
(10949,201,1400,NULL,NULL,'CONSUMPTION',39.0,'2021-05-29','Production use'),
(10167,201,1310,NULL,NULL,'CONSUMPTION',60.94,'2021-05-30','Production use'),
(9616,203,1310,10,5730,'RECEIPT',48.1,'2021-06-01','Delivery per order'),
(9673,203,1400,2,5805,'RECEIPT',51.0,'2021-06-01','Delivery per order'),
(9813,202,1400,NULL,NULL,'CONSUMPTION',36.62,'2021-06-01','Production use'),
(10612,201,1300,NULL,NULL,'CONSUMPTION',58.7,'2021-06-02','Production use'),
(10148,201,1200,NULL,NULL,'CONSUMPTION',25.08,'2021-06-04','Production use'),
(10282,203,1200,NULL,NULL,'CONSUMPTION',74.83,'2021-06-04','Production use'),
(9929,201,1310,NULL,NULL,'CONSUMPTION',50.88,'2021-06-06','Production use'),
(9318,202,1300,4,5394,'RECEIPT',32.58,'2021-06-07','Delivery per order'),
(9386,202,1310,7,5467,'RECEIPT',23.51,'2021-06-07','Delivery per order'),
(9809,202,1310,NULL,NULL,'CONSUMPTION',71.36,'2021-06-07','Production use'),
(9573,203,1300,4,5680,'RECEIPT',69.1,'2021-06-08','Delivery per order'),
(9830,203,1400,NULL,NULL,'CONSUMPTION',60.65,'2021-06-08','Production use'),
(10259,203,1310,NULL,NULL,'CONSUMPTION',44.29,'2021-06-08','Production use'),
(10293,203,1300,NULL,NULL,'CONSUMPTION',27.49,'2021-06-08','Production use'),
(11036,203,1400,NULL,NULL,'CONSUMPTION',39.63,'2021-06-08','Production use'),
(9269,202,1200,1,5341,'RECEIPT',63.01,'2021-06-10','Delivery per order'),
(9322,202,1300,4,5398,'RECEIPT',29.23,'2021-06-10','Delivery per order'),
(10151,202,1300,NULL,NULL,'CONSUMPTION',35.22,'2021-06-11','Production use'),
(10353,202,1200,NULL,NULL,'CONSUMPTION',66.83,'2021-06-11','Production use'),
(9569,203,1300,4,5674,'RECEIPT',45.38,'2021-06-12','Delivery per order'),
(10507,201,1310,NULL,NULL,'CONSUMPTION',70.28,'2021-06-12','Production use'),
(10822,203,1300,NULL,NULL,'CONSUMPTION',40.52,'2021-06-12','Production use'),
(9740,202,1300,NULL,NULL,'CONSUMPTION',21.45,'2021-06-13','Production use'),
(10333,201,1400,NULL,NULL,'CONSUMPTION',48.25,'2021-06-13','Production use'),
(9148,201,1310,9,5179,'RECEIPT',45.83,'2021-06-15','Delivery per order'),
(9442,202,1400,2,5532,'RECEIPT',28.15,'2021-06-15','Delivery per order'),
(10150,202,1400,NULL,NULL,'CONSUMPTION',62.12,'2021-06-16','Production use'),
(10570,203,1400,NULL,NULL,'CONSUMPTION',64.95,'2021-06-17','Production use'),
(10065,203,1310,NULL,NULL,'CONSUMPTION',50.98,'2021-06-19','Production use'),
(10580,202,1300,NULL,NULL,'CONSUMPTION',66.55,'2021-06-19','Production use'),
(9094,201,1300,10,5114,'RECEIPT',69.29,'2021-06-20','Delivery per order'),
(11030,201,1200,NULL,NULL,'CONSUMPTION',30.31,'2021-06-20','Production use'),
(9160,201,1310,9,5192,'RECEIPT',94.35,'2021-06-23','Delivery per order'),
(9323,202,1300,4,5399,'RECEIPT',79.26,'2021-06-23','Delivery per order'),
(10018,203,1310,NULL,NULL,'CONSUMPTION',68.08,'2021-06-23','Production use'),
(10109,203,1200,NULL,NULL,'CONSUMPTION',10.68,'2021-06-23','Production use'),
(10918,203,1200,NULL,NULL,'CONSUMPTION',13.9,'2021-06-23','Production use'),
(11050,202,1200,NULL,NULL,'CONSUMPTION',73.2,'2021-06-23','Production use'),
(9390,202,1310,7,5471,'RECEIPT',91.65,'2021-06-24','Delivery per order'),
(11051,203,1300,NULL,NULL,'CONSUMPTION',68.07,'2021-06-24','Production use'),
(10042,203,1300,NULL,NULL,'CONSUMPTION',56.18,'2021-06-25','Production use'),
(10619,202,1200,NULL,NULL,'CONSUMPTION',76.89,'2021-06-26','Production use'),
(10116,203,1400,NULL,NULL,'CONSUMPTION',26.94,'2021-06-27','Production use'),
(10940,203,1200,NULL,NULL,'CONSUMPTION',24.99,'2021-06-27','Production use'),
(9037,201,1200,1,5041,'RECEIPT',94.46,'2021-06-28','Delivery per order'),
(10318,201,1400,NULL,NULL,'CONSUMPTION',26.96,'2021-06-29','Production use'),
(10629,201,1200,NULL,NULL,'CONSUMPTION',56.52,'2021-06-29','Production use'),
(11024,201,1400,NULL,NULL,'CONSUMPTION',76.22,'2021-06-29','Production use'),
(10372,201,1310,NULL,NULL,'CONSUMPTION',22.93,'2021-06-30','Production use'),
(9035,201,1200,1,5038,'RECEIPT',62.99,'2021-07-01','Delivery per order'),
(9029,201,1200,1,5029,'RECEIPT',31.31,'2021-07-03','Delivery per order'),
(9614,203,1310,10,5728,'RECEIPT',53.12,'2021-07-03','Delivery per order'),
(9838,202,1300,NULL,NULL,'CONSUMPTION',72.62,'2021-07-03','Production use'),
(9335,202,1300,4,5411,'RECEIPT',72.46,'2021-07-05','Delivery per order'),
(10133,203,1200,NULL,NULL,'CONSUMPTION',28.4,'2021-07-05','Production use'),
(11073,202,1400,NULL,NULL,'CONSUMPTION',53.98,'2021-07-05','Production use'),
(9331,202,1300,4,5407,'RECEIPT',96.83,'2021-07-06','Delivery per order'),
(9519,203,1200,1,5618,'RECEIPT',98.61,'2021-07-08','Delivery per order'),
(9628,203,1310,10,5748,'RECEIPT',28.38,'2021-07-09','Delivery per order'),
(10338,202,1200,NULL,NULL,'CONSUMPTION',24.05,'2021-07-09','Production use'),
(10340,201,1300,NULL,NULL,'CONSUMPTION',37.21,'2021-07-09','Production use'),
(10834,203,1310,NULL,NULL,'CONSUMPTION',65.99,'2021-07-09','Production use'),
(9095,201,1300,10,5115,'RECEIPT',82.79,'2021-07-10','Delivery per order'),
(9209,201,1400,3,5265,'RECEIPT',48.1,'2021-07-10','Delivery per order'),
(10197,203,1300,NULL,NULL,'CONSUMPTION',66.53,'2021-07-10','Production use'),
(9503,203,1200,1,5602,'RECEIPT',84.86,'2021-07-11','Delivery per order'),
(9575,203,1300,4,5683,'RECEIPT',73.24,'2021-07-11','Delivery per order'),
(10179,202,1400,NULL,NULL,'CONSUMPTION',42.7,'2021-07-11','Production use'),
(9389,202,1310,7,5470,'RECEIPT',53.04,'2021-07-12','Delivery per order'),
(9395,202,1310,7,5476,'RECEIPT',70.98,'2021-07-12','Delivery per order'),
(10597,203,1300,NULL,NULL,'CONSUMPTION',74.26,'2021-07-12','Production use'),
(10827,202,1300,NULL,NULL,'CONSUMPTION',21.43,'2021-07-12','Production use'),
(11063,203,1400,NULL,NULL,'CONSUMPTION',45.61,'2021-07-12','Production use'),
(10808,201,1300,NULL,NULL,'CONSUMPTION',10.46,'2021-07-13','Production use'),
(10894,203,1400,NULL,NULL,'CONSUMPTION',44.94,'2021-07-13','Production use'),
(9439,202,1400,2,5529,'RECEIPT',64.48,'2021-07-14','Delivery per order'),
(10370,202,1400,NULL,NULL,'CONSUMPTION',62.19,'2021-07-14','Production use'),
(9455,202,1400,2,5545,'RECEIPT',26.0,'2021-07-16','Delivery per order'),
(9522,203,1200,1,5621,'RECEIPT',99.32,'2021-07-16','Delivery per order'),
(10122,202,1400,NULL,NULL,'CONSUMPTION',72.87,'2021-07-16','Production use'),
(9499,203,1200,1,5598,'RECEIPT',41.63,'2021-07-17','Delivery per order'),
(9750,203,1400,NULL,NULL,'CONSUMPTION',77.69,'2021-07-17','Production use'),
(10243,202,1300,NULL,NULL,'CONSUMPTION',61.27,'2021-07-17','Production use'),
(9670,203,1400,2,5801,'RECEIPT',91.59,'2021-07-18','Delivery per order'),
(9678,203,1400,2,5812,'RECEIPT',55.18,'2021-07-18','Delivery per order'),
(9707,203,1200,NULL,NULL,'CONSUMPTION',32.83,'2021-07-19','Production use'),
(10227,201,1200,NULL,NULL,'CONSUMPTION',21.72,'2021-07-19','Production use'),
(9146,201,1310,9,5176,'RECEIPT',85.99,'2021-07-20','Delivery per order'),
(9758,201,1300,NULL,NULL,'CONSUMPTION',33.54,'2021-07-20','Production use'),
(10094,202,1300,NULL,NULL,'CONSUMPTION',77.43,'2021-07-20','Production use'),
(10488,201,1400,NULL,NULL,'CONSUMPTION',23.48,'2021-07-20','Production use'),
(10614,203,1310,NULL,NULL,'CONSUMPTION',41.74,'2021-07-20','Production use'),
(9759,203,1310,NULL,NULL,'CONSUMPTION',32.76,'2021-07-21','Production use'),
(10819,201,1200,NULL,NULL,'CONSUMPTION',18.35,'2021-07-21','Production use'),
(9038,201,1200,1,5043,'RECEIPT',33.86,'2021-07-22','Delivery per order'),
(10862,201,1310,NULL,NULL,'CONSUMPTION',69.21,'2021-07-22','Production use'),
(10968,201,1200,NULL,NULL,'CONSUMPTION',28.09,'2021-07-22','Production use'),
(10986,203,1310,NULL,NULL,'CONSUMPTION',27.24,'2021-07-22','Production use'),
(9862,202,1300,NULL,NULL,'CONSUMPTION',26.86,'2021-07-23','Production use'),
(10575,201,1300,NULL,NULL,'CONSUMPTION',69.6,'2021-07-23','Production use'),
(10791,203,1300,NULL,NULL,'CONSUMPTION',46.85,'2021-07-23','Production use'),
(9259,202,1200,1,5326,'RECEIPT',37.26,'2021-07-24','Delivery per order'),
(9510,203,1200,1,5609,'RECEIPT',32.77,'2021-07-25','Delivery per order'),
(10137,202,1300,NULL,NULL,'CONSUMPTION',69.8,'2021-07-26','Production use'),
(9042,201,1200,1,5049,'RECEIPT',87.36,'2021-07-28','Delivery per order'),
(9996,203,1310,NULL,NULL,'CONSUMPTION',52.46,'2021-07-28','Production use'),
(10463,201,1300,NULL,NULL,'CONSUMPTION',77.87,'2021-07-28','Production use'),
(9096,201,1300,10,5116,'RECEIPT',85.08,'2021-07-29','Delivery per order'),
(9333,202,1300,4,5409,'RECEIPT',84.25,'2021-07-29','Delivery per order'),
(10576,202,1200,NULL,NULL,'CONSUMPTION',19.28,'2021-07-29','Production use'),
(11048,201,1310,NULL,NULL,'CONSUMPTION',44.94,'2021-07-29','Production use'),
(10449,201,1200,NULL,NULL,'CONSUMPTION',54.84,'2021-07-30','Production use'),
(10205,201,1310,NULL,NULL,'CONSUMPTION',78.06,'2021-07-31','Production use'),
(10867,201,1400,NULL,NULL,'CONSUMPTION',60.11,'2021-07-31','Production use'),
(9142,201,1310,9,5172,'RECEIPT',88.01,'2021-08-01','Delivery per order'),
(9381,202,1310,7,5462,'RECEIPT',53.59,'2021-08-01','Delivery per order'),
(9756,203,1200,NULL,NULL,'CONSUMPTION',55.31,'2021-08-01','Production use'),
(9946,202,1310,NULL,NULL,'CONSUMPTION',27.96,'2021-08-02','Production use'),
(10252,203,1200,NULL,NULL,'CONSUMPTION',20.79,'2021-08-02','Production use'),
(11027,203,1300,NULL,NULL,'CONSUMPTION',25.09,'2021-08-02','Production use'),
(11077,201,1400,NULL,NULL,'CONSUMPTION',70.43,'2021-08-02','Production use'),
(9205,201,1400,3,5255,'RECEIPT',25.47,'2021-08-03','Delivery per order'),
(10038,203,1400,NULL,NULL,'CONSUMPTION',60.96,'2021-08-03','Production use'),
(10494,202,1200,NULL,NULL,'CONSUMPTION',19.91,'2021-08-03','Production use'),
(10606,202,1300,NULL,NULL,'CONSUMPTION',25.36,'2021-08-03','Production use'),
(10175,202,1200,NULL,NULL,'CONSUMPTION',26.05,'2021-08-04','Production use'),
(10673,203,1400,NULL,NULL,'CONSUMPTION',55.62,'2021-08-04','Production use'),
(9456,202,1400,2,5546,'RECEIPT',99.77,'2021-08-05','Delivery per order'),
(10769,201,1200,NULL,NULL,'CONSUMPTION',20.38,'2021-08-05','Production use'),
(10920,203,1300,NULL,NULL,'CONSUMPTION',57.35,'2021-08-05','Production use'),
(9340,202,1300,4,5416,'RECEIPT',86.08,'2021-08-06','Delivery per order'),
(10688,201,1200,NULL,NULL,'CONSUMPTION',55.14,'2021-08-06','Production use'),
(10394,202,1200,NULL,NULL,'CONSUMPTION',64.16,'2021-08-08','Production use'),
(10157,201,1300,NULL,NULL,'CONSUMPTION',36.67,'2021-08-09','Production use'),
(10573,203,1400,NULL,NULL,'CONSUMPTION',53.7,'2021-08-10','Production use'),
(9321,202,1300,4,5397,'RECEIPT',73.93,'2021-08-11','Delivery per order'),
(10438,201,1300,NULL,NULL,'CONSUMPTION',43.86,'2021-08-11','Production use'),
(9451,202,1400,2,5541,'RECEIPT',95.01,'2021-08-12','Delivery per order'),
(9672,203,1400,2,5803,'RECEIPT',71.35,'2021-08-12','Delivery per order'),
(9917,201,1400,NULL,NULL,'CONSUMPTION',45.76,'2021-08-12','Production use'),
(10329,203,1300,NULL,NULL,'CONSUMPTION',74.87,'2021-08-12','Production use'),
(10817,201,1300,NULL,NULL,'CONSUMPTION',55.77,'2021-08-12','Production use'),
(10768,202,1400,NULL,NULL,'CONSUMPTION',36.03,'2021-08-13','Production use'),
(9497,203,1200,1,5596,'RECEIPT',65.25,'2021-08-14','Delivery per order'),
(9518,203,1200,1,5617,'RECEIPT',66.06,'2021-08-14','Delivery per order'),
(9332,202,1300,4,5408,'RECEIPT',22.83,'2021-08-15','Delivery per order'),
(9437,202,1400,2,5527,'RECEIPT',96.17,'2021-08-15','Delivery per order'),
(9457,202,1400,2,5547,'RECEIPT',35.82,'2021-08-15','Delivery per order'),
(9151,201,1310,9,5182,'RECEIPT',30.45,'2021-08-16','Delivery per order'),
(10310,201,1300,NULL,NULL,'CONSUMPTION',25.55,'2021-08-16','Production use'),
(10639,201,1300,NULL,NULL,'CONSUMPTION',68.88,'2021-08-16','Production use'),
(9800,201,1200,NULL,NULL,'CONSUMPTION',30.87,'2021-08-18','Production use'),
(9833,201,1310,NULL,NULL,'CONSUMPTION',71.19,'2021-08-18','Production use'),
(9900,201,1400,NULL,NULL,'CONSUMPTION',24.68,'2021-08-18','Production use'),
(10004,202,1310,NULL,NULL,'CONSUMPTION',25.63,'2021-08-18','Production use'),
(10882,201,1400,NULL,NULL,'CONSUMPTION',48.77,'2021-08-18','Production use'),
(10162,201,1400,NULL,NULL,'CONSUMPTION',31.94,'2021-08-19','Production use'),
(9500,203,1200,1,5599,'RECEIPT',22.09,'2021-08-20','Delivery per order'),
(9877,201,1200,NULL,NULL,'CONSUMPTION',33.89,'2021-08-20','Production use'),
(10572,203,1300,NULL,NULL,'CONSUMPTION',13.61,'2021-08-20','Production use'),
(10760,203,1400,NULL,NULL,'CONSUMPTION',55.13,'2021-08-20','Production use'),
(9440,202,1400,2,5530,'RECEIPT',64.01,'2021-08-22','Delivery per order'),
(9145,201,1310,9,5175,'RECEIPT',97.45,'2021-08-24','Delivery per order'),
(9507,203,1200,1,5606,'RECEIPT',48.59,'2021-08-25','Delivery per order'),
(9777,202,1300,NULL,NULL,'CONSUMPTION',28.24,'2021-08-25','Production use'),
(9924,203,1400,NULL,NULL,'CONSUMPTION',77.5,'2021-08-25','Production use'),
(10395,202,1400,NULL,NULL,'CONSUMPTION',21.65,'2021-08-25','Production use'),
(10536,202,1310,NULL,NULL,'CONSUMPTION',69.33,'2021-08-25','Production use'),
(9378,202,1310,7,5459,'RECEIPT',44.6,'2021-08-26','Delivery per order'),
(10240,203,1400,NULL,NULL,'CONSUMPTION',40.63,'2021-08-26','Production use'),
(10568,202,1300,NULL,NULL,'CONSUMPTION',77.24,'2021-08-26','Production use'),
(9443,202,1400,2,5533,'RECEIPT',83.5,'2021-08-27','Delivery per order'),
(9823,202,1300,NULL,NULL,'CONSUMPTION',59.24,'2021-08-27','Production use'),
(9912,201,1200,NULL,NULL,'CONSUMPTION',58.34,'2021-08-27','Production use'),
(9971,201,1310,NULL,NULL,'CONSUMPTION',62.27,'2021-08-27','Production use'),
(9675,203,1400,2,5808,'RECEIPT',50.52,'2021-08-28','Delivery per order'),
(10724,201,1400,NULL,NULL,'CONSUMPTION',19.29,'2021-08-28','Production use'),
(10783,202,1300,NULL,NULL,'CONSUMPTION',55.31,'2021-08-28','Production use'),
(9204,201,1400,3,5253,'RECEIPT',74.17,'2021-08-29','Delivery per order'),
(9444,202,1400,2,5534,'RECEIPT',29.72,'2021-08-29','Delivery per order'),
(9831,203,1310,NULL,NULL,'CONSUMPTION',26.18,'2021-08-29','Production use'),
(9203,201,1400,3,5251,'RECEIPT',71.33,'2021-08-31','Delivery per order'),
(9619,203,1310,10,5735,'RECEIPT',83.1,'2021-09-01','Delivery per order'),
(9760,202,1200,NULL,NULL,'CONSUMPTION',55.93,'2021-09-03','Production use'),
(10223,201,1300,NULL,NULL,'CONSUMPTION',27.73,'2021-09-03','Production use'),
(10425,201,1200,NULL,NULL,'CONSUMPTION',56.69,'2021-09-03','Production use'),
(10430,201,1200,NULL,NULL,'CONSUMPTION',16.52,'2021-09-04','Production use'),
(10641,202,1310,NULL,NULL,'CONSUMPTION',56.25,'2021-09-04','Production use'),
(9317,202,1300,4,5393,'RECEIPT',33.35,'2021-09-06','Delivery per order'),
(9770,203,1310,NULL,NULL,'CONSUMPTION',35.09,'2021-09-06','Production use'),
(10958,201,1310,NULL,NULL,'CONSUMPTION',26.83,'2021-09-06','Production use'),
(9337,202,1300,4,5413,'RECEIPT',39.86,'2021-09-07','Delivery per order'),
(9932,203,1300,NULL,NULL,'CONSUMPTION',13.56,'2021-09-08','Production use'),
(10680,203,1310,NULL,NULL,'CONSUMPTION',67.85,'2021-09-08','Production use'),
(9207,201,1400,3,5259,'RECEIPT',68.83,'2021-09-09','Delivery per order'),
(9316,202,1300,4,5392,'RECEIPT',88.75,'2021-09-09','Delivery per order'),
(9967,202,1200,NULL,NULL,'CONSUMPTION',65.08,'2021-09-09','Production use'),
(10857,202,1200,NULL,NULL,'CONSUMPTION',13.03,'2021-09-09','Production use'),
(10286,201,1310,NULL,NULL,'CONSUMPTION',79.54,'2021-09-10','Production use'),
(9625,203,1310,10,5742,'RECEIPT',22.67,'2021-09-11','Delivery per order'),
(10351,203,1310,NULL,NULL,'CONSUMPTION',34.63,'2021-09-11','Production use'),
(10470,201,1400,NULL,NULL,'CONSUMPTION',36.01,'2021-09-11','Production use'),
(9721,202,1300,NULL,NULL,'CONSUMPTION',67.22,'2021-09-12','Production use'),
(10912,201,1310,NULL,NULL,'CONSUMPTION',48.97,'2021-09-12','Production use'),
(10369,202,1310,NULL,NULL,'CONSUMPTION',77.28,'2021-09-13','Production use'),
(9448,202,1400,2,5538,'RECEIPT',35.85,'2021-09-14','Delivery per order'),
(10267,203,1400,NULL,NULL,'CONSUMPTION',14.93,'2021-09-14','Production use'),
(10569,202,1200,NULL,NULL,'CONSUMPTION',21.73,'2021-09-14','Production use'),
(10765,203,1200,NULL,NULL,'CONSUMPTION',41.17,'2021-09-14','Production use'),
(10813,202,1200,NULL,NULL,'CONSUMPTION',68.42,'2021-09-14','Production use'),
(9870,201,1300,NULL,NULL,'CONSUMPTION',65.42,'2021-09-15','Production use'),
(10533,202,1200,NULL,NULL,'CONSUMPTION',49.92,'2021-09-15','Production use'),
(10847,202,1300,NULL,NULL,'CONSUMPTION',22.05,'2021-09-15','Production use'),
(9211,201,1400,3,5268,'RECEIPT',79.86,'2021-09-16','Delivery per order'),
(10726,201,1200,NULL,NULL,'CONSUMPTION',43.58,'2021-09-16','Production use'),
(10928,203,1400,NULL,NULL,'CONSUMPTION',14.59,'2021-09-16','Production use'),
(9749,202,1200,NULL,NULL,'CONSUMPTION',52.58,'2021-09-17','Production use'),
(9994,202,1400,NULL,NULL,'CONSUMPTION',41.18,'2021-09-17','Production use'),
(9270,202,1200,1,5342,'RECEIPT',32.21,'2021-09-18','Delivery per order'),
(9680,203,1400,2,5815,'RECEIPT',86.97,'2021-09-18','Delivery per order'),
(9987,202,1300,NULL,NULL,'CONSUMPTION',53.14,'2021-09-18','Production use'),
(9271,202,1200,1,5343,'RECEIPT',26.69,'2021-09-19','Delivery per order'),
(10766,203,1300,NULL,NULL,'CONSUMPTION',19.24,'2021-09-19','Production use'),
(9511,203,1200,1,5610,'RECEIPT',39.83,'2021-09-20','Delivery per order'),
(9775,201,1400,NULL,NULL,'CONSUMPTION',34.87,'2021-09-20','Production use'),
(9501,203,1200,1,5600,'RECEIPT',67.77,'2021-09-21','Delivery per order'),
(9576,203,1300,4,5684,'RECEIPT',85.16,'2021-09-21','Delivery per order'),
(9668,203,1400,2,5797,'RECEIPT',82.79,'2021-09-21','Delivery per order'),
(9272,202,1200,1,5344,'RECEIPT',26.32,'2021-09-22','Delivery per order'),
(9512,203,1200,1,5611,'RECEIPT',39.29,'2021-09-22','Delivery per order'),
(10412,203,1400,NULL,NULL,'CONSUMPTION',13.59,'2021-09-22','Production use'),
(10450,202,1200,NULL,NULL,'CONSUMPTION',65.31,'2021-09-22','Production use'),
(10647,202,1400,NULL,NULL,'CONSUMPTION',37.21,'2021-09-22','Production use'),
(10799,202,1200,NULL,NULL,'CONSUMPTION',34.14,'2021-09-22','Production use'),
(10467,203,1300,NULL,NULL,'CONSUMPTION',18.18,'2021-09-23','Production use'),
(9453,202,1400,2,5543,'RECEIPT',66.89,'2021-09-24','Delivery per order'),
(10991,202,1200,NULL,NULL,'CONSUMPTION',48.69,'2021-09-25','Production use'),
(10964,201,1400,NULL,NULL,'CONSUMPTION',11.94,'2021-09-27','Production use'),
(9436,202,1400,2,5526,'RECEIPT',33.91,'2021-09-28','Delivery per order'),
(10880,202,1310,NULL,NULL,'CONSUMPTION',29.85,'2021-09-30','Production use'),
(9144,201,1310,9,5174,'RECEIPT',51.82,'2021-10-01','Delivery per order'),
(9342,202,1300,4,5418,'RECEIPT',29.55,'2021-10-01','Delivery per order'),
(9391,202,1310,7,5472,'RECEIPT',56.68,'2021-10-01','Delivery per order'),
(9797,203,1400,NULL,NULL,'CONSUMPTION',71.39,'2021-10-01','Production use'),
(10220,202,1400,NULL,NULL,'CONSUMPTION',37.24,'2021-10-01','Production use'),
(10485,201,1300,NULL,NULL,'CONSUMPTION',46.44,'2021-10-01','Production use'),
(10486,201,1200,NULL,NULL,'CONSUMPTION',50.43,'2021-10-01','Production use'),
(10563,203,1310,NULL,NULL,'CONSUMPTION',54.36,'2021-10-01','Production use'),
(9834,202,1300,NULL,NULL,'CONSUMPTION',66.11,'2021-10-02','Production use'),
(9919,202,1310,NULL,NULL,'CONSUMPTION',39.16,'2021-10-02','Production use'),
(9384,202,1310,7,5465,'RECEIPT',31.39,'2021-10-03','Delivery per order'),
(10948,202,1200,NULL,NULL,'CONSUMPTION',40.3,'2021-10-03','Production use'),
(10978,201,1400,NULL,NULL,'CONSUMPTION',51.99,'2021-10-03','Production use'),
(9898,202,1200,NULL,NULL,'CONSUMPTION',69.02,'2021-10-04','Production use'),
(11006,201,1400,NULL,NULL,'CONSUMPTION',53.98,'2021-10-04','Production use'),
(10875,202,1310,NULL,NULL,'CONSUMPTION',17.9,'2021-10-05','Production use'),
(9339,202,1300,4,5415,'RECEIPT',45.59,'2021-10-07','Delivery per order'),
(9571,203,1300,4,5676,'RECEIPT',64.96,'2021-10-07','Delivery per order'),
(10121,202,1400,NULL,NULL,'CONSUMPTION',35.98,'2021-10-07','Production use'),
(9092,201,1300,10,5110,'RECEIPT',68.82,'2021-10-08','Delivery per order'),
(10107,203,1310,NULL,NULL,'CONSUMPTION',59.08,'2021-10-08','Production use'),
(10344,203,1400,NULL,NULL,'CONSUMPTION',16.97,'2021-10-08','Production use'),
(10460,202,1200,NULL,NULL,'CONSUMPTION',49.55,'2021-10-08','Production use'),
(9098,201,1300,10,5120,'RECEIPT',65.61,'2021-10-09','Delivery per order'),
(9263,202,1200,1,5332,'RECEIPT',42.92,'2021-10-09','Delivery per order'),
(9962,203,1310,NULL,NULL,'CONSUMPTION',38.31,'2021-10-09','Production use'),
(10833,203,1200,NULL,NULL,'CONSUMPTION',32.58,'2021-10-09','Production use'),
(9450,202,1400,2,5540,'RECEIPT',74.9,'2021-10-10','Delivery per order'),
(10235,201,1310,NULL,NULL,'CONSUMPTION',44.15,'2021-10-10','Production use'),
(10439,202,1310,NULL,NULL,'CONSUMPTION',52.62,'2021-10-10','Production use'),
(10532,201,1400,NULL,NULL,'CONSUMPTION',24.4,'2021-10-10','Production use'),
(10933,203,1300,NULL,NULL,'CONSUMPTION',11.56,'2021-10-10','Production use'),
(9615,203,1310,10,5729,'RECEIPT',90.54,'2021-10-11','Delivery per order'),
(10776,203,1200,NULL,NULL,'CONSUMPTION',59.5,'2021-10-11','Production use'),
(11045,202,1400,NULL,NULL,'CONSUMPTION',19.23,'2021-10-11','Production use'),
(9934,201,1300,NULL,NULL,'CONSUMPTION',64.88,'2021-10-12','Production use'),
(10367,203,1400,NULL,NULL,'CONSUMPTION',18.29,'2021-10-12','Production use'),
(9327,202,1300,4,5403,'RECEIPT',23.68,'2021-10-13','Delivery per order'),
(10368,201,1310,NULL,NULL,'CONSUMPTION',60.9,'2021-10-14','Production use'),
(10493,201,1400,NULL,NULL,'CONSUMPTION',47.98,'2021-10-14','Production use'),
(9677,203,1400,2,5811,'RECEIPT',23.57,'2021-10-15','Delivery per order'),
(9330,202,1300,4,5406,'RECEIPT',34.32,'2021-10-16','Delivery per order'),
(9613,203,1310,10,5727,'RECEIPT',33.31,'2021-10-16','Delivery per order'),
(11009,203,1300,NULL,NULL,'CONSUMPTION',58.0,'2021-10-16','Production use'),
(9513,203,1200,1,5612,'RECEIPT',62.7,'2021-10-17','Delivery per order'),
(10321,202,1300,NULL,NULL,'CONSUMPTION',34.38,'2021-10-18','Production use'),
(10744,203,1400,NULL,NULL,'CONSUMPTION',63.26,'2021-10-18','Production use'),
(9093,201,1300,10,5112,'RECEIPT',54.25,'2021-10-19','Delivery per order'),
(9944,201,1200,NULL,NULL,'CONSUMPTION',57.78,'2021-10-19','Production use'),
(10487,203,1310,NULL,NULL,'CONSUMPTION',72.45,'2021-10-19','Production use'),
(9027,201,1200,1,5027,'RECEIPT',29.36,'2021-10-20','Delivery per order'),
(9326,202,1300,4,5402,'RECEIPT',20.98,'2021-10-20','Delivery per order'),
(9892,202,1310,NULL,NULL,'CONSUMPTION',56.03,'2021-10-21','Production use'),
(10253,202,1300,NULL,NULL,'CONSUMPTION',38.69,'2021-10-21','Production use'),
(9155,201,1310,9,5187,'RECEIPT',80.98,'2021-10-22','Delivery per order'),
(9903,203,1200,NULL,NULL,'CONSUMPTION',47.97,'2021-10-22','Production use'),
(9931,201,1200,NULL,NULL,'CONSUMPTION',20.76,'2021-10-22','Production use'),
(10934,202,1310,NULL,NULL,'CONSUMPTION',49.92,'2021-10-22','Production use'),
(9143,201,1310,9,5173,'RECEIPT',83.65,'2021-10-23','Delivery per order'),
(9341,202,1300,4,5417,'RECEIPT',65.72,'2021-10-23','Delivery per order'),
(9447,202,1400,2,5537,'RECEIPT',37.78,'2021-10-24','Delivery per order'),
(10615,202,1310,NULL,NULL,'CONSUMPTION',58.46,'2021-10-24','Production use'),
(9033,201,1200,1,5034,'RECEIPT',53.84,'2021-10-25','Delivery per order'),
(10016,201,1200,NULL,NULL,'CONSUMPTION',12.79,'2021-10-25','Production use'),
(10402,202,1400,NULL,NULL,'CONSUMPTION',16.31,'2021-10-25','Production use'),
(10451,202,1200,NULL,NULL,'CONSUMPTION',45.47,'2021-10-25','Production use'),
(9679,203,1400,2,5813,'RECEIPT',41.07,'2021-10-26','Delivery per order'),
(10226,201,1400,NULL,NULL,'CONSUMPTION',54.3,'2021-10-26','Production use'),
(10278,202,1300,NULL,NULL,'CONSUMPTION',73.17,'2021-10-26','Production use'),
(9523,203,1200,1,5622,'RECEIPT',33.9,'2021-10-27','Delivery per order'),
(10384,203,1300,NULL,NULL,'CONSUMPTION',44.3,'2021-10-27','Production use'),
(9674,203,1400,2,5807,'RECEIPT',49.68,'2021-10-28','Delivery per order'),
(10178,201,1200,NULL,NULL,'CONSUMPTION',56.45,'2021-10-28','Production use'),
(10694,201,1400,NULL,NULL,'CONSUMPTION',60.5,'2021-10-29','Production use'),
(10695,202,1310,NULL,NULL,'CONSUMPTION',23.91,'2021-10-29','Production use'),
(10696,201,1400,NULL,NULL,'CONSUMPTION',64.53,'2021-10-29','Production use'),
(9040,201,1200,1,5046,'RECEIPT',43.11,'2021-10-30','Delivery per order'),
(10763,203,1300,NULL,NULL,'CONSUMPTION',34.0,'2021-10-30','Production use'),
(10789,202,1400,NULL,NULL,'CONSUMPTION',35.02,'2021-10-30','Production use'),
(10902,201,1310,NULL,NULL,'CONSUMPTION',36.78,'2021-10-31','Production use'),
(11002,201,1300,NULL,NULL,'CONSUMPTION',34.63,'2021-10-31','Production use'),
(11011,202,1200,NULL,NULL,'CONSUMPTION',22.14,'2021-11-01','Production use'),
(9621,203,1310,10,5737,'RECEIPT',80.66,'2021-11-02','Delivery per order'),
(9837,203,1310,NULL,NULL,'CONSUMPTION',55.3,'2021-11-04','Production use'),
(11068,202,1400,NULL,NULL,'CONSUMPTION',57.38,'2021-11-04','Production use'),
(10360,202,1310,NULL,NULL,'CONSUMPTION',77.94,'2021-11-05','Production use'),
(10434,203,1400,NULL,NULL,'CONSUMPTION',70.16,'2021-11-05','Production use'),
(11074,203,1300,NULL,NULL,'CONSUMPTION',56.06,'2021-11-05','Production use'),
(9392,202,1310,7,5473,'RECEIPT',79.83,'2021-11-06','Delivery per order'),
(9201,201,1400,3,5243,'RECEIPT',85.07,'2021-11-07','Delivery per order'),
(9268,202,1200,1,5339,'RECEIPT',71.24,'2021-11-07','Delivery per order'),
(10029,203,1310,NULL,NULL,'CONSUMPTION',26.12,'2021-11-07','Production use'),
(10508,202,1300,NULL,NULL,'CONSUMPTION',37.45,'2021-11-07','Production use'),
(9629,203,1310,10,5749,'RECEIPT',47.34,'2021-11-08','Delivery per order'),
(9400,202,1310,7,5481,'RECEIPT',30.46,'2021-11-09','Delivery per order'),
(9718,201,1200,NULL,NULL,'CONSUMPTION',37.71,'2021-11-09','Production use'),
(9776,202,1310,NULL,NULL,'CONSUMPTION',65.17,'2021-11-09','Production use'),
(9873,201,1400,NULL,NULL,'CONSUMPTION',69.1,'2021-11-10','Production use'),
(10501,203,1300,NULL,NULL,'CONSUMPTION',34.89,'2021-11-11','Production use'),
(9568,203,1300,4,5672,'RECEIPT',58.98,'2021-11-12','Delivery per order'),
(10731,203,1310,NULL,NULL,'CONSUMPTION',14.95,'2021-11-12','Production use'),
(9152,201,1310,9,5183,'RECEIPT',88.19,'2021-11-13','Delivery per order'),
(10452,201,1200,NULL,NULL,'CONSUMPTION',17.97,'2021-11-13','Production use'),
(9516,203,1200,1,5615,'RECEIPT',81.12,'2021-11-14','Delivery per order'),
(10300,201,1300,NULL,NULL,'CONSUMPTION',64.61,'2021-11-15','Production use'),
(10689,201,1400,NULL,NULL,'CONSUMPTION',40.43,'2021-11-15','Production use'),
(9320,202,1300,4,5396,'RECEIPT',91.54,'2021-11-16','Delivery per order'),
(9577,203,1300,4,5686,'RECEIPT',50.27,'2021-11-17','Delivery per order'),
(10457,201,1310,NULL,NULL,'CONSUMPTION',53.9,'2021-11-17','Production use'),
(10665,201,1200,NULL,NULL,'CONSUMPTION',51.52,'2021-11-18','Production use'),
(10734,203,1310,NULL,NULL,'CONSUMPTION',15.67,'2021-11-18','Production use'),
(10311,202,1310,NULL,NULL,'CONSUMPTION',20.36,'2021-11-19','Production use'),
(9147,201,1310,9,5178,'RECEIPT',59.58,'2021-11-21','Delivery per order'),
(9506,203,1200,1,5605,'RECEIPT',57.73,'2021-11-21','Delivery per order'),
(10159,201,1310,NULL,NULL,'CONSUMPTION',54.84,'2021-11-21','Production use'),
(9043,201,1200,1,5050,'RECEIPT',69.55,'2021-11-22','Delivery per order'),
(9091,201,1300,10,5109,'RECEIPT',88.88,'2021-11-22','Delivery per order'),
(9498,203,1200,1,5597,'RECEIPT',45.73,'2021-11-22','Delivery per order'),
(10276,203,1200,NULL,NULL,'CONSUMPTION',38.11,'2021-11-22','Production use'),
(9676,203,1400,2,5810,'RECEIPT',34.93,'2021-11-23','Delivery per order'),
(10454,201,1310,NULL,NULL,'CONSUMPTION',23.58,'2021-11-23','Production use'),
(10232,201,1300,NULL,NULL,'CONSUMPTION',58.02,'2021-11-24','Production use'),
(10496,202,1200,NULL,NULL,'CONSUMPTION',52.93,'2021-11-24','Production use'),
(9202,201,1400,3,5249,'RECEIPT',89.96,'2021-11-25','Delivery per order'),
(11044,203,1200,NULL,NULL,'CONSUMPTION',44.5,'2021-11-25','Production use'),
(9521,203,1200,1,5620,'RECEIPT',94.82,'2021-11-26','Delivery per order'),
(10937,202,1300,NULL,NULL,'CONSUMPTION',44.77,'2021-11-26','Production use'),
(9438,202,1400,2,5528,'RECEIPT',88.37,'2021-11-27','Delivery per order'),
(10475,203,1200,NULL,NULL,'CONSUMPTION',20.79,'2021-11-27','Production use'),
(10638,202,1300,NULL,NULL,'CONSUMPTION',47.42,'2021-11-27','Production use'),
(9338,202,1300,4,5414,'RECEIPT',93.27,'2021-11-28','Delivery per order'),
(10923,203,1400,NULL,NULL,'CONSUMPTION',50.88,'2021-11-29','Production use'),
(9620,203,1310,10,5736,'RECEIPT',66.24,'2021-11-30','Delivery per order'),
(10111,203,1310,NULL,NULL,'CONSUMPTION',62.42,'2021-12-01','Production use'),
(9504,203,1200,1,5603,'RECEIPT',42.47,'2021-12-02','Delivery per order'),
(9839,203,1400,NULL,NULL,'CONSUMPTION',16.51,'2021-12-02','Production use'),
(10043,201,1310,NULL,NULL,'CONSUMPTION',60.69,'2021-12-02','Production use'),
(9394,202,1310,7,5475,'RECEIPT',60.43,'2021-12-03','Delivery per order'),
(9515,203,1200,1,5614,'RECEIPT',78.96,'2021-12-03','Delivery per order'),
(9895,202,1200,NULL,NULL,'CONSUMPTION',37.85,'2021-12-03','Production use'),
(10134,202,1400,NULL,NULL,'CONSUMPTION',77.1,'2021-12-03','Production use'),
(10582,203,1200,NULL,NULL,'CONSUMPTION',70.34,'2021-12-03','Production use'),
(9397,202,1310,7,5478,'RECEIPT',67.35,'2021-12-04','Delivery per order'),
(10161,201,1300,NULL,NULL,'CONSUMPTION',15.54,'2021-12-04','Production use'),
(10564,203,1300,NULL,NULL,'CONSUMPTION',13.69,'2021-12-04','Production use'),
(10707,202,1400,NULL,NULL,'CONSUMPTION',39.28,'2021-12-04','Production use'),
(10907,203,1200,NULL,NULL,'CONSUMPTION',28.32,'2021-12-04','Production use'),
(9030,201,1200,1,5030,'RECEIPT',51.08,'2021-12-05','Delivery per order'),
(9713,202,1200,NULL,NULL,'CONSUMPTION',70.72,'2021-12-05','Production use'),
(9976,202,1200,NULL,NULL,'CONSUMPTION',24.7,'2021-12-05','Production use'),
(10070,202,1200,NULL,NULL,'CONSUMPTION',79.2,'2021-12-06','Production use'),
(10534,202,1310,NULL,NULL,'CONSUMPTION',60.25,'2021-12-06','Production use'),
(9087,201,1300,10,5103,'RECEIPT',84.95,'2021-12-07','Delivery per order'),
(10023,203,1200,NULL,NULL,'CONSUMPTION',38.41,'2021-12-07','Production use'),
(10587,203,1300,NULL,NULL,'CONSUMPTION',61.41,'2021-12-07','Production use'),
(10924,202,1310,NULL,NULL,'CONSUMPTION',16.81,'2021-12-07','Production use'),
(9452,202,1400,2,5542,'RECEIPT',26.72,'2021-12-08','Delivery per order'),
(9158,201,1310,9,5190,'RECEIPT',86.94,'2021-12-09','Delivery per order'),
(9505,203,1200,1,5604,'RECEIPT',84.69,'2021-12-11','Delivery per order'),
(10350,203,1400,NULL,NULL,'CONSUMPTION',20.99,'2021-12-11','Production use'),
(10236,203,1200,NULL,NULL,'CONSUMPTION',65.2,'2021-12-12','Production use'),
(10093,203,1200,NULL,NULL,'CONSUMPTION',29.91,'2021-12-13','Production use'),
(10242,203,1300,NULL,NULL,'CONSUMPTION',23.06,'2021-12-13','Production use'),
(9324,202,1300,4,5400,'RECEIPT',20.21,'2021-12-15','Delivery per order'),
(9751,202,1310,NULL,NULL,'CONSUMPTION',72.68,'2021-12-15','Production use'),
(10922,201,1310,NULL,NULL,'CONSUMPTION',68.59,'2021-12-15','Production use'),
(9266,202,1200,1,5337,'RECEIPT',53.89,'2021-12-16','Delivery per order'),
(9739,202,1400,NULL,NULL,'CONSUMPTION',51.08,'2021-12-17','Production use'),
(10323,202,1200,NULL,NULL,'CONSUMPTION',21.85,'2021-12-17','Production use'),
(9617,203,1310,10,5733,'RECEIPT',50.03,'2021-12-18','Delivery per order'),
(9032,201,1200,1,5032,'RECEIPT',65.98,'2021-12-19','Delivery per order'),
(9036,201,1200,1,5040,'RECEIPT',93.53,'2021-12-19','Delivery per order'),
(10510,201,1300,NULL,NULL,'CONSUMPTION',43.27,'2021-12-20','Production use'),
(9267,202,1200,1,5338,'RECEIPT',52.18,'2021-12-21','Delivery per order'),
(10836,201,1300,NULL,NULL,'CONSUMPTION',47.41,'2021-12-21','Production use'),
(9149,201,1310,9,5180,'RECEIPT',42.69,'2021-12-22','Delivery per order'),
(9904,203,1400,NULL,NULL,'CONSUMPTION',18.08,'2021-12-22','Production use'),
(9086,201,1300,10,5102,'RECEIPT',29.39,'2021-12-24','Delivery per order'),
(10440,202,1200,NULL,NULL,'CONSUMPTION',46.78,'2021-12-25','Production use'),
(10462,203,1300,NULL,NULL,'CONSUMPTION',57.98,'2021-12-25','Production use'),
(9262,202,1200,1,5331,'RECEIPT',51.84,'2021-12-26','Delivery per order'),
(9396,202,1310,7,5477,'RECEIPT',51.55,'2021-12-26','Delivery per order'),
(9387,202,1310,7,5468,'RECEIPT',38.52,'2021-12-29','Delivery per order'),
(10233,203,1310,NULL,NULL,'CONSUMPTION',14.2,'2021-12-29','Production use'),
(10291,201,1300,NULL,NULL,'CONSUMPTION',12.64,'2021-12-29','Production use'),
(10828,202,1300,NULL,NULL,'CONSUMPTION',39.37,'2021-12-30','Production use'),
(10895,203,1310,NULL,NULL,'CONSUMPTION',76.03,'2021-12-30','Production use'),
(9671,203,1400,2,5802,'RECEIPT',41.2,'2022-01-01','Delivery per order'),
(9328,202,1300,4,5404,'RECEIPT',49.12,'2022-01-02','Delivery per order'),
(9626,203,1310,10,5745,'RECEIPT',21.61,'2022-01-02','Delivery per order'),
(9933,202,1400,NULL,NULL,'CONSUMPTION',65.29,'2022-01-03','Production use'),
(10273,203,1400,NULL,NULL,'CONSUMPTION',17.39,'2022-01-03','Production use'),
(9336,202,1300,4,5412,'RECEIPT',37.96,'2022-01-04','Delivery per order'),
(9847,203,1300,NULL,NULL,'CONSUMPTION',36.58,'2022-01-04','Production use'),
(10010,203,1400,NULL,NULL,'CONSUMPTION',61.24,'2022-01-04','Production use'),
(10703,202,1400,NULL,NULL,'CONSUMPTION',60.39,'2022-01-04','Production use'),
(10538,201,1200,NULL,NULL,'CONSUMPTION',59.23,'2022-01-05','Production use'),
(10635,201,1300,NULL,NULL,'CONSUMPTION',49.71,'2022-01-05','Production use'),
(10341,203,1310,NULL,NULL,'CONSUMPTION',69.65,'2022-01-07','Production use'),
(10429,202,1400,NULL,NULL,'CONSUMPTION',62.45,'2022-01-07','Production use'),
(10544,201,1400,NULL,NULL,'CONSUMPTION',48.88,'2022-01-07','Production use'),
(9734,201,1200,NULL,NULL,'CONSUMPTION',41.95,'2022-01-08','Production use'),
(9939,203,1310,NULL,NULL,'CONSUMPTION',33.23,'2022-01-08','Production use'),
(10014,203,1200,NULL,NULL,'CONSUMPTION',73.54,'2022-01-09','Production use'),
(10796,201,1200,NULL,NULL,'CONSUMPTION',73.59,'2022-01-09','Production use'),
(10877,201,1310,NULL,NULL,'CONSUMPTION',44.71,'2022-01-09','Production use'),
(10131,203,1300,NULL,NULL,'CONSUMPTION',17.05,'2022-01-10','Production use'),
(10835,203,1310,NULL,NULL,'CONSUMPTION',58.86,'2022-01-12','Production use'),
(10845,202,1400,NULL,NULL,'CONSUMPTION',34.37,'2022-01-12','Production use'),
(10164,202,1200,NULL,NULL,'CONSUMPTION',72.14,'2022-01-13','Production use'),
(10405,201,1300,NULL,NULL,'CONSUMPTION',59.44,'2022-01-13','Production use'),
(10992,203,1310,NULL,NULL,'CONSUMPTION',77.09,'2022-01-13','Production use'),
(10938,201,1310,NULL,NULL,'CONSUMPTION',53.04,'2022-01-14','Production use'),
(9988,203,1400,NULL,NULL,'CONSUMPTION',50.89,'2022-01-16','Production use'),
(10020,202,1310,NULL,NULL,'CONSUMPTION',55.76,'2022-01-18','Production use'),
(10066,203,1200,NULL,NULL,'CONSUMPTION',39.65,'2022-01-18','Production use'),
(10003,203,1310,NULL,NULL,'CONSUMPTION',64.26,'2022-01-19','Production use'),
(10738,203,1300,NULL,NULL,'CONSUMPTION',12.86,'2022-01-20','Production use'),
(10246,202,1200,NULL,NULL,'CONSUMPTION',67.36,'2022-01-21','Production use'),
(10292,201,1310,NULL,NULL,'CONSUMPTION',19.69,'2022-01-21','Production use'),
(10556,202,1200,NULL,NULL,'CONSUMPTION',38.76,'2022-01-21','Production use'),
(10884,202,1400,NULL,NULL,'CONSUMPTION',75.74,'2022-01-22','Production use'),
(9922,201,1400,NULL,NULL,'CONSUMPTION',73.8,'2022-01-23','Production use'),
(10750,202,1200,NULL,NULL,'CONSUMPTION',41.64,'2022-01-23','Production use'),
(10987,201,1310,NULL,NULL,'CONSUMPTION',35.41,'2022-01-23','Production use'),
(9735,203,1400,NULL,NULL,'CONSUMPTION',23.94,'2022-01-24','Production use'),
(10012,201,1400,NULL,NULL,'CONSUMPTION',14.4,'2022-01-26','Production use'),
(10667,202,1310,NULL,NULL,'CONSUMPTION',21.76,'2022-01-27','Production use'),
(10729,203,1400,NULL,NULL,'CONSUMPTION',38.38,'2022-01-28','Production use'),
(11041,202,1200,NULL,NULL,'CONSUMPTION',78.43,'2022-01-29','Production use'),
(10230,203,1400,NULL,NULL,'CONSUMPTION',51.73,'2022-01-30','Production use'),
(9737,203,1310,NULL,NULL,'CONSUMPTION',12.14,'2022-02-01','Production use'),
(10136,201,1400,NULL,NULL,'CONSUMPTION',39.34,'2022-02-01','Production use'),
(9793,203,1200,NULL,NULL,'CONSUMPTION',23.96,'2022-02-03','Production use'),
(9972,203,1310,NULL,NULL,'CONSUMPTION',20.09,'2022-02-03','Production use'),
(10326,201,1400,NULL,NULL,'CONSUMPTION',23.98,'2022-02-04','Production use'),
(9755,203,1310,NULL,NULL,'CONSUMPTION',77.65,'2022-02-05','Production use'),
(9947,201,1200,NULL,NULL,'CONSUMPTION',73.79,'2022-02-06','Production use'),
(10281,203,1300,NULL,NULL,'CONSUMPTION',48.19,'2022-02-07','Production use'),
(10464,201,1200,NULL,NULL,'CONSUMPTION',33.74,'2022-02-07','Production use'),
(10807,202,1300,NULL,NULL,'CONSUMPTION',14.63,'2022-02-08','Production use'),
(10910,202,1310,NULL,NULL,'CONSUMPTION',41.51,'2022-02-09','Production use'),
(10101,203,1400,NULL,NULL,'CONSUMPTION',40.99,'2022-02-11','Production use'),
(11013,202,1300,NULL,NULL,'CONSUMPTION',22.73,'2022-02-11','Production use'),
(10919,202,1400,NULL,NULL,'CONSUMPTION',51.37,'2022-02-12','Production use'),
(9863,201,1200,NULL,NULL,'CONSUMPTION',45.49,'2022-02-14','Production use'),
(10408,203,1300,NULL,NULL,'CONSUMPTION',76.48,'2022-02-14','Production use'),
(10431,202,1300,NULL,NULL,'CONSUMPTION',35.8,'2022-02-15','Production use'),
(10526,201,1300,NULL,NULL,'CONSUMPTION',51.88,'2022-02-15','Production use'),
(10130,201,1200,NULL,NULL,'CONSUMPTION',57.19,'2022-02-16','Production use'),
(10873,201,1310,NULL,NULL,'CONSUMPTION',68.43,'2022-02-16','Production use'),
(10386,202,1310,NULL,NULL,'CONSUMPTION',64.34,'2022-02-18','Production use'),
(10055,202,1400,NULL,NULL,'CONSUMPTION',65.27,'2022-02-19','Production use'),
(10141,203,1200,NULL,NULL,'CONSUMPTION',40.26,'2022-02-19','Production use'),
(11040,201,1200,NULL,NULL,'CONSUMPTION',27.76,'2022-02-19','Production use'),
(9781,201,1300,NULL,NULL,'CONSUMPTION',70.72,'2022-02-20','Production use'),
(9918,203,1400,NULL,NULL,'CONSUMPTION',56.51,'2022-02-20','Production use'),
(10299,203,1400,NULL,NULL,'CONSUMPTION',66.58,'2022-02-20','Production use'),
(10811,201,1400,NULL,NULL,'CONSUMPTION',23.02,'2022-02-20','Production use'),
(11079,203,1200,NULL,NULL,'CONSUMPTION',76.63,'2022-02-20','Production use'),
(9401,202,1310,7,5484,'RECEIPT',43.33,'2022-02-21','Delivery per order'),
(10357,203,1310,NULL,NULL,'CONSUMPTION',19.61,'2022-02-21','Production use'),
(11025,202,1200,NULL,NULL,'CONSUMPTION',62.25,'2022-02-21','Production use'),
(10304,203,1310,NULL,NULL,'CONSUMPTION',64.42,'2022-02-22','Production use'),
(10541,203,1310,NULL,NULL,'CONSUMPTION',32.27,'2022-02-22','Production use'),
(10617,202,1200,NULL,NULL,'CONSUMPTION',64.4,'2022-02-22','Production use'),
(9695,203,1400,3,5842,'RECEIPT',94.91,'2022-02-23','Delivery per order'),
(11035,203,1310,NULL,NULL,'CONSUMPTION',24.86,'2022-02-24','Production use'),
(10406,201,1300,NULL,NULL,'CONSUMPTION',46.67,'2022-02-25','Production use'),
(9060,201,1200,2,5075,'RECEIPT',37.99,'2022-02-26','Delivery per order'),
(10080,203,1300,NULL,NULL,'CONSUMPTION',12.64,'2022-02-26','Production use'),
(10633,203,1200,NULL,NULL,'CONSUMPTION',25.81,'2022-02-26','Production use'),
(9104,201,1300,10,5130,'RECEIPT',65.82,'2022-02-27','Delivery per order'),
(9857,202,1400,NULL,NULL,'CONSUMPTION',34.2,'2022-02-27','Production use'),
(9111,201,1300,10,5138,'RECEIPT',52.93,'2022-02-28','Delivery per order'),
(9841,202,1400,NULL,NULL,'CONSUMPTION',29.03,'2022-02-28','Production use'),
(9110,201,1300,10,5137,'RECEIPT',80.01,'2022-03-02','Delivery per order'),
(10342,201,1300,NULL,NULL,'CONSUMPTION',11.34,'2022-03-02','Production use'),
(9404,202,1310,7,5491,'RECEIPT',51.44,'2022-03-04','Delivery per order'),
(10250,202,1300,NULL,NULL,'CONSUMPTION',60.47,'2022-03-04','Production use'),
(10480,203,1400,NULL,NULL,'CONSUMPTION',12.56,'2022-03-04','Production use'),
(9527,203,1200,1,5626,'RECEIPT',48.7,'2022-03-05','Delivery per order'),
(9047,201,1200,2,5056,'RECEIPT',35.61,'2022-03-06','Delivery per order'),
(9584,203,1300,4,5696,'RECEIPT',88.06,'2022-03-06','Delivery per order'),
(10258,201,1200,NULL,NULL,'CONSUMPTION',49.97,'2022-03-06','Production use'),
(9109,201,1300,10,5135,'RECEIPT',30.85,'2022-03-07','Delivery per order'),
(9916,203,1400,NULL,NULL,'CONSUMPTION',55.3,'2022-03-07','Production use'),
(10914,201,1310,NULL,NULL,'CONSUMPTION',31.87,'2022-03-07','Production use'),
(9463,202,1400,2,5557,'RECEIPT',29.8,'2022-03-09','Delivery per order'),
(10174,201,1300,NULL,NULL,'CONSUMPTION',55.84,'2022-03-09','Production use'),
(10194,201,1310,NULL,NULL,'CONSUMPTION',60.05,'2022-03-09','Production use'),
(10591,201,1400,NULL,NULL,'CONSUMPTION',36.59,'2022-03-09','Production use'),
(10979,202,1300,NULL,NULL,'CONSUMPTION',68.26,'2022-03-09','Production use'),
(9222,201,1400,4,5285,'RECEIPT',83.29,'2022-03-10','Delivery per order'),
(9046,201,1200,2,5055,'RECEIPT',58.77,'2022-03-12','Delivery per order'),
(10599,202,1200,NULL,NULL,'CONSUMPTION',55.8,'2022-03-12','Production use'),
(10630,201,1310,NULL,NULL,'CONSUMPTION',59.0,'2022-03-12','Production use'),
(9693,203,1400,3,5840,'RECEIPT',97.25,'2022-03-13','Delivery per order'),
(10212,201,1200,NULL,NULL,'CONSUMPTION',28.66,'2022-03-14','Production use'),
(9882,201,1400,NULL,NULL,'CONSUMPTION',18.45,'2022-03-15','Production use'),
(10308,201,1310,NULL,NULL,'CONSUMPTION',13.54,'2022-03-15','Production use'),
(10356,201,1310,NULL,NULL,'CONSUMPTION',33.93,'2022-03-15','Production use'),
(10994,202,1400,NULL,NULL,'CONSUMPTION',37.19,'2022-03-15','Production use'),
(10349,202,1200,NULL,NULL,'CONSUMPTION',33.35,'2022-03-16','Production use'),
(9586,203,1300,4,5698,'RECEIPT',65.4,'2022-03-17','Delivery per order'),
(9465,202,1400,2,5560,'RECEIPT',24.05,'2022-03-18','Delivery per order'),
(9974,201,1300,NULL,NULL,'CONSUMPTION',12.92,'2022-03-18','Production use'),
(10540,201,1400,NULL,NULL,'CONSUMPTION',40.22,'2022-03-18','Production use'),
(10720,201,1200,NULL,NULL,'CONSUMPTION',39.8,'2022-03-18','Production use'),
(9536,203,1200,1,5637,'RECEIPT',97.63,'2022-03-19','Delivery per order'),
(9220,201,1400,4,5281,'RECEIPT',48.12,'2022-03-20','Delivery per order'),
(10163,203,1400,NULL,NULL,'CONSUMPTION',28.72,'2022-03-20','Production use'),
(9462,202,1400,2,5555,'RECEIPT',84.71,'2022-03-21','Delivery per order'),
(9706,201,1300,NULL,NULL,'CONSUMPTION',37.17,'2022-03-24','Production use'),
(9753,202,1200,NULL,NULL,'CONSUMPTION',57.4,'2022-03-24','Production use'),
(10067,203,1300,NULL,NULL,'CONSUMPTION',29.29,'2022-03-24','Production use'),
(10171,203,1200,NULL,NULL,'CONSUMPTION',13.77,'2022-03-24','Production use'),
(9163,201,1310,9,5198,'RECEIPT',99.35,'2022-03-25','Delivery per order'),
(9687,203,1400,3,5829,'RECEIPT',53.12,'2022-03-25','Delivery per order'),
(11034,202,1300,NULL,NULL,'CONSUMPTION',78.21,'2022-03-25','Production use'),
(10393,201,1400,NULL,NULL,'CONSUMPTION',30.38,'2022-03-26','Production use'),
(10589,201,1200,NULL,NULL,'CONSUMPTION',21.73,'2022-03-27','Production use'),
(11081,201,1400,NULL,NULL,'CONSUMPTION',77.55,'2022-03-27','Production use'),
(10110,201,1400,NULL,NULL,'CONSUMPTION',30.11,'2022-03-28','Production use'),
(9173,201,1310,9,5211,'RECEIPT',26.59,'2022-03-29','Delivery per order'),
(10089,201,1300,NULL,NULL,'CONSUMPTION',79.78,'2022-03-29','Production use'),
(10294,202,1200,NULL,NULL,'CONSUMPTION',16.43,'2022-03-29','Production use'),
(9634,203,1310,7,5755,'RECEIPT',98.24,'2022-03-30','Delivery per order'),
(9840,201,1310,NULL,NULL,'CONSUMPTION',17.97,'2022-03-30','Production use'),
(10074,201,1300,NULL,NULL,'CONSUMPTION',25.01,'2022-03-31','Production use'),
(10515,202,1200,NULL,NULL,'CONSUMPTION',47.29,'2022-03-31','Production use'),
(10636,202,1300,NULL,NULL,'CONSUMPTION',57.73,'2022-03-31','Production use'),
(10888,201,1300,NULL,NULL,'CONSUMPTION',20.04,'2022-03-31','Production use'),
(11005,203,1310,NULL,NULL,'CONSUMPTION',19.53,'2022-03-31','Production use'),
(9641,203,1310,7,5769,'RECEIPT',68.59,'2022-04-01','Delivery per order'),
(9717,203,1300,NULL,NULL,'CONSUMPTION',52.61,'2022-04-02','Production use'),
(9351,202,1300,4,5430,'RECEIPT',81.88,'2022-04-03','Delivery per order'),
(10662,202,1300,NULL,NULL,'CONSUMPTION',66.81,'2022-04-03','Production use'),
(10941,201,1200,NULL,NULL,'CONSUMPTION',30.81,'2022-04-03','Production use'),
(9162,201,1310,9,5197,'RECEIPT',56.52,'2022-04-04','Delivery per order'),
(11083,201,1310,NULL,NULL,'CONSUMPTION',37.2,'2022-04-04','Production use'),
(9937,201,1310,NULL,NULL,'CONSUMPTION',39.12,'2022-04-06','Production use'),
(9409,202,1310,7,5499,'RECEIPT',95.48,'2022-04-07','Delivery per order'),
(9642,203,1310,7,5770,'RECEIPT',54.74,'2022-04-07','Delivery per order'),
(9762,201,1200,NULL,NULL,'CONSUMPTION',66.38,'2022-04-07','Production use'),
(10892,202,1300,NULL,NULL,'CONSUMPTION',24.02,'2022-04-07','Production use'),
(10160,202,1310,NULL,NULL,'CONSUMPTION',54.19,'2022-04-08','Production use'),
(10896,202,1400,NULL,NULL,'CONSUMPTION',56.67,'2022-04-08','Production use'),
(9055,201,1200,2,5069,'RECEIPT',33.38,'2022-04-09','Delivery per order'),
(10000,203,1200,NULL,NULL,'CONSUMPTION',54.21,'2022-04-09','Production use'),
(9468,202,1400,2,5565,'RECEIPT',77.95,'2022-04-10','Delivery per order'),
(10090,202,1300,NULL,NULL,'CONSUMPTION',56.88,'2022-04-10','Production use'),
(9540,203,1200,1,5642,'RECEIPT',24.49,'2022-04-11','Delivery per order'),
(9690,203,1400,3,5832,'RECEIPT',24.88,'2022-04-11','Delivery per order'),
(10525,201,1310,NULL,NULL,'CONSUMPTION',31.56,'2022-04-11','Production use'),
(9113,201,1300,10,5142,'RECEIPT',42.19,'2022-04-12','Delivery per order'),
(10723,203,1200,NULL,NULL,'CONSUMPTION',62.72,'2022-04-12','Production use'),
(10997,202,1400,NULL,NULL,'CONSUMPTION',54.19,'2022-04-12','Production use'),
(9051,201,1200,2,5064,'RECEIPT',52.73,'2022-04-13','Delivery per order'),
(9727,202,1400,NULL,NULL,'CONSUMPTION',24.8,'2022-04-13','Production use'),
(10059,202,1200,NULL,NULL,'CONSUMPTION',51.88,'2022-04-16','Production use'),
(10063,203,1400,NULL,NULL,'CONSUMPTION',66.3,'2022-04-17','Production use'),
(9880,201,1310,NULL,NULL,'CONSUMPTION',67.53,'2022-04-18','Production use'),
(9169,201,1310,9,5206,'RECEIPT',89.95,'2022-04-21','Delivery per order'),
(9356,202,1300,4,5435,'RECEIPT',43.33,'2022-04-21','Delivery per order'),
(9469,202,1400,2,5566,'RECEIPT',59.69,'2022-04-21','Delivery per order'),
(9470,202,1400,2,5567,'RECEIPT',50.62,'2022-04-21','Delivery per order'),
(9529,203,1200,1,5630,'RECEIPT',76.28,'2022-04-21','Delivery per order'),
(10040,202,1400,NULL,NULL,'CONSUMPTION',21.94,'2022-04-21','Production use'),
(10192,203,1200,NULL,NULL,'CONSUMPTION',36.16,'2022-04-23','Production use'),
(10762,203,1200,NULL,NULL,'CONSUMPTION',55.13,'2022-04-23','Production use'),
(10185,202,1400,NULL,NULL,'CONSUMPTION',31.55,'2022-04-24','Production use'),
(10697,201,1400,NULL,NULL,'CONSUMPTION',16.86,'2022-04-24','Production use'),
(10960,203,1310,NULL,NULL,'CONSUMPTION',24.25,'2022-04-24','Production use'),
(10584,202,1400,NULL,NULL,'CONSUMPTION',62.69,'2022-04-25','Production use'),
(10999,202,1400,NULL,NULL,'CONSUMPTION',42.98,'2022-04-25','Production use'),
(9533,203,1200,1,5634,'RECEIPT',95.87,'2022-04-26','Delivery per order'),
(9525,203,1200,1,5624,'RECEIPT',45.44,'2022-04-27','Delivery per order'),
(10447,203,1300,NULL,NULL,'CONSUMPTION',79.93,'2022-04-27','Production use'),
(10458,202,1400,NULL,NULL,'CONSUMPTION',64.88,'2022-04-27','Production use'),
(9884,203,1400,NULL,NULL,'CONSUMPTION',33.66,'2022-04-28','Production use'),
(11012,202,1200,NULL,NULL,'CONSUMPTION',23.91,'2022-04-28','Production use'),
(9103,201,1300,10,5128,'RECEIPT',43.41,'2022-04-30','Delivery per order'),
(10272,203,1200,NULL,NULL,'CONSUMPTION',62.44,'2022-04-30','Production use'),
(9049,201,1200,2,5061,'RECEIPT',64.93,'2022-05-01','Delivery per order'),
(9286,202,1200,1,5361,'RECEIPT',93.97,'2022-05-01','Delivery per order'),
(10264,202,1300,NULL,NULL,'CONSUMPTION',49.06,'2022-05-01','Production use'),
(10549,201,1300,NULL,NULL,'CONSUMPTION',19.61,'2022-05-01','Production use'),
(9725,202,1300,NULL,NULL,'CONSUMPTION',28.86,'2022-05-03','Production use'),
(9812,201,1200,NULL,NULL,'CONSUMPTION',58.28,'2022-05-03','Production use'),
(9905,203,1200,NULL,NULL,'CONSUMPTION',43.63,'2022-05-04','Production use'),
(11028,203,1400,NULL,NULL,'CONSUMPTION',57.4,'2022-05-06','Production use'),
(9765,202,1200,NULL,NULL,'CONSUMPTION',28.16,'2022-05-07','Production use'),
(9893,203,1200,NULL,NULL,'CONSUMPTION',71.7,'2022-05-07','Production use'),
(9638,203,1310,7,5765,'RECEIPT',76.36,'2022-05-08','Delivery per order'),
(9053,201,1200,2,5066,'RECEIPT',76.81,'2022-05-09','Delivery per order'),
(9691,203,1400,3,5837,'RECEIPT',50.97,'2022-05-12','Delivery per order'),
(10567,203,1300,NULL,NULL,'CONSUMPTION',61.37,'2022-05-12','Production use'),
(9635,203,1310,7,5758,'RECEIPT',47.04,'2022-05-13','Delivery per order'),
(9842,203,1400,NULL,NULL,'CONSUMPTION',69.55,'2022-05-13','Production use'),
(9907,202,1200,NULL,NULL,'CONSUMPTION',71.42,'2022-05-15','Production use'),
(10125,201,1200,NULL,NULL,'CONSUMPTION',46.8,'2022-05-16','Production use'),
(10980,203,1400,NULL,NULL,'CONSUMPTION',62.08,'2022-05-16','Production use'),
(10320,201,1300,NULL,NULL,'CONSUMPTION',57.02,'2022-05-17','Production use'),
(9283,202,1200,1,5358,'RECEIPT',96.27,'2022-05-18','Delivery per order'),
(10135,202,1300,NULL,NULL,'CONSUMPTION',22.87,'2022-05-18','Production use'),
(10803,202,1200,NULL,NULL,'CONSUMPTION',21.47,'2022-05-18','Production use'),
(10893,201,1300,NULL,NULL,'CONSUMPTION',26.3,'2022-05-19','Production use'),
(9692,203,1400,3,5839,'RECEIPT',61.81,'2022-05-20','Delivery per order'),
(10550,202,1400,NULL,NULL,'CONSUMPTION',72.55,'2022-05-21','Production use'),
(10064,202,1300,NULL,NULL,'CONSUMPTION',17.46,'2022-05-22','Production use'),
(10661,201,1300,NULL,NULL,'CONSUMPTION',66.31,'2022-05-22','Production use'),
(10732,203,1200,NULL,NULL,'CONSUMPTION',12.29,'2022-05-22','Production use'),
(9405,202,1310,7,5494,'RECEIPT',86.55,'2022-05-24','Delivery per order'),
(10274,203,1310,NULL,NULL,'CONSUMPTION',42.11,'2022-05-24','Production use'),
(9054,201,1200,2,5067,'RECEIPT',55.51,'2022-05-25','Delivery per order'),
(10385,202,1400,NULL,NULL,'CONSUMPTION',72.13,'2022-05-25','Production use'),
(10797,202,1310,NULL,NULL,'CONSUMPTION',20.36,'2022-05-25','Production use'),
(9582,203,1300,4,5692,'RECEIPT',76.16,'2022-05-26','Delivery per order'),
(10714,202,1200,NULL,NULL,'CONSUMPTION',11.02,'2022-05-26','Production use'),
(9058,201,1200,2,5072,'RECEIPT',37.64,'2022-05-27','Delivery per order'),
(9927,201,1300,NULL,NULL,'CONSUMPTION',36.4,'2022-05-27','Production use'),
(9791,203,1310,NULL,NULL,'CONSUMPTION',40.06,'2022-05-28','Production use'),
(11018,201,1200,NULL,NULL,'CONSUMPTION',38.07,'2022-05-28','Production use'),
(9535,203,1200,1,5636,'RECEIPT',84.83,'2022-05-29','Delivery per order'),
(9225,201,1400,4,5288,'RECEIPT',39.85,'2022-05-30','Delivery per order'),
(11049,203,1400,NULL,NULL,'CONSUMPTION',35.24,'2022-05-30','Production use'),
(10190,202,1400,NULL,NULL,'CONSUMPTION',30.97,'2022-05-31','Production use'),
(10279,202,1300,NULL,NULL,'CONSUMPTION',38.86,'2022-05-31','Production use'),
(10913,203,1400,NULL,NULL,'CONSUMPTION',21.49,'2022-06-01','Production use'),
(9631,203,1310,7,5751,'RECEIPT',32.87,'2022-06-02','Delivery per order'),
(10596,203,1200,NULL,NULL,'CONSUMPTION',54.62,'2022-06-03','Production use'),
(11085,201,1300,NULL,NULL,'CONSUMPTION',30.9,'2022-06-04','Production use'),
(9888,203,1200,NULL,NULL,'CONSUMPTION',61.53,'2022-06-05','Production use'),
(9531,203,1200,1,5632,'RECEIPT',65.41,'2022-06-07','Delivery per order'),
(9790,201,1300,NULL,NULL,'CONSUMPTION',19.06,'2022-06-07','Production use'),
(10955,203,1300,NULL,NULL,'CONSUMPTION',69.69,'2022-06-07','Production use'),
(10301,202,1300,NULL,NULL,'CONSUMPTION',71.59,'2022-06-08','Production use'),
(9101,201,1300,10,5125,'RECEIPT',33.47,'2022-06-09','Delivery per order'),
(9112,201,1300,10,5140,'RECEIPT',24.74,'2022-06-09','Delivery per order'),
(10181,203,1300,NULL,NULL,'CONSUMPTION',51.83,'2022-06-09','Production use'),
(9044,201,1200,2,5053,'RECEIPT',89.24,'2022-06-10','Delivery per order'),
(9056,201,1200,2,5070,'RECEIPT',65.23,'2022-06-10','Delivery per order'),
(9703,201,1200,NULL,NULL,'CONSUMPTION',39.64,'2022-06-10','Production use'),
(9955,201,1400,NULL,NULL,'CONSUMPTION',47.64,'2022-06-10','Production use'),
(10519,203,1400,NULL,NULL,'CONSUMPTION',51.37,'2022-06-10','Production use'),
(11021,201,1200,NULL,NULL,'CONSUMPTION',60.3,'2022-06-10','Production use'),
(9991,203,1400,NULL,NULL,'CONSUMPTION',61.79,'2022-06-12','Production use'),
(10965,202,1400,NULL,NULL,'CONSUMPTION',43.98,'2022-06-12','Production use'),
(9168,201,1310,9,5205,'RECEIPT',44.15,'2022-06-14','Delivery per order'),
(9968,203,1300,NULL,NULL,'CONSUMPTION',16.06,'2022-06-15','Production use'),
(10644,201,1300,NULL,NULL,'CONSUMPTION',71.96,'2022-06-15','Production use'),
(9214,201,1400,4,5271,'RECEIPT',55.39,'2022-06-16','Delivery per order'),
(10206,202,1200,NULL,NULL,'CONSUMPTION',18.75,'2022-06-16','Production use'),
(10886,203,1310,NULL,NULL,'CONSUMPTION',17.36,'2022-06-16','Production use'),
(9221,201,1400,4,5282,'RECEIPT',54.35,'2022-06-18','Delivery per order'),
(10083,201,1310,NULL,NULL,'CONSUMPTION',54.82,'2022-06-18','Production use'),
(10383,201,1400,NULL,NULL,'CONSUMPTION',14.63,'2022-06-18','Production use'),
(9530,203,1200,1,5631,'RECEIPT',48.13,'2022-06-19','Delivery per order'),
(10025,203,1200,NULL,NULL,'CONSUMPTION',71.74,'2022-06-19','Production use'),
(10982,201,1400,NULL,NULL,'CONSUMPTION',77.89,'2022-06-19','Production use'),
(10585,202,1310,NULL,NULL,'CONSUMPTION',26.66,'2022-06-20','Production use'),
(11054,201,1310,NULL,NULL,'CONSUMPTION',48.9,'2022-06-20','Production use'),
(10774,202,1300,NULL,NULL,'CONSUMPTION',50.22,'2022-06-21','Production use'),
(10489,203,1200,NULL,NULL,'CONSUMPTION',32.34,'2022-06-22','Production use'),
(10624,203,1300,NULL,NULL,'CONSUMPTION',55.03,'2022-06-23','Production use'),
(10324,203,1300,NULL,NULL,'CONSUMPTION',67.51,'2022-06-24','Production use'),
(10785,203,1300,NULL,NULL,'CONSUMPTION',61.0,'2022-06-24','Production use'),
(9633,203,1310,7,5754,'RECEIPT',95.35,'2022-06-25','Delivery per order'),
(10802,203,1400,NULL,NULL,'CONSUMPTION',79.48,'2022-06-25','Production use'),
(9213,201,1400,4,5270,'RECEIPT',69.29,'2022-06-26','Delivery per order'),
(9217,201,1400,4,5276,'RECEIPT',31.2,'2022-06-26','Delivery per order'),
(9587,203,1300,4,5699,'RECEIPT',34.57,'2022-06-26','Delivery per order'),
(9724,201,1310,NULL,NULL,'CONSUMPTION',31.03,'2022-06-26','Production use'),
(9921,201,1400,NULL,NULL,'CONSUMPTION',53.44,'2022-06-26','Production use'),
(10216,203,1400,NULL,NULL,'CONSUMPTION',27.43,'2022-06-26','Production use'),
(10277,203,1310,NULL,NULL,'CONSUMPTION',21.07,'2022-06-26','Production use'),
(9215,201,1400,4,5272,'RECEIPT',37.38,'2022-06-27','Delivery per order'),
(10473,201,1400,NULL,NULL,'CONSUMPTION',73.93,'2022-06-27','Production use'),
(11004,203,1310,NULL,NULL,'CONSUMPTION',54.91,'2022-06-27','Production use'),
(10759,202,1400,NULL,NULL,'CONSUMPTION',34.27,'2022-06-28','Production use'),
(10801,201,1400,NULL,NULL,'CONSUMPTION',60.95,'2022-06-28','Production use'),
(10881,203,1310,NULL,NULL,'CONSUMPTION',78.33,'2022-06-28','Production use'),
(10524,202,1300,NULL,NULL,'CONSUMPTION',48.86,'2022-06-30','Production use'),
(9229,201,1400,4,5294,'RECEIPT',95.3,'2022-07-01','Delivery per order'),
(9344,202,1300,4,5420,'RECEIPT',24.21,'2022-07-01','Delivery per order'),
(9942,201,1300,NULL,NULL,'CONSUMPTION',56.83,'2022-07-01','Production use'),
(9948,203,1200,NULL,NULL,'CONSUMPTION',66.2,'2022-07-01','Production use'),
(10792,201,1400,NULL,NULL,'CONSUMPTION',11.58,'2022-07-01','Production use'),
(10413,202,1200,NULL,NULL,'CONSUMPTION',61.11,'2022-07-02','Production use'),
(10500,202,1310,NULL,NULL,'CONSUMPTION',37.43,'2022-07-02','Production use'),
(10605,203,1200,NULL,NULL,'CONSUMPTION',17.27,'2022-07-02','Production use'),
(10579,203,1300,NULL,NULL,'CONSUMPTION',61.73,'2022-07-03','Production use'),
(9866,201,1300,NULL,NULL,'CONSUMPTION',69.96,'2022-07-04','Production use'),
(10156,202,1400,NULL,NULL,'CONSUMPTION',64.23,'2022-07-04','Production use'),
(10531,203,1200,NULL,NULL,'CONSUMPTION',30.41,'2022-07-04','Production use'),
(10283,202,1300,NULL,NULL,'CONSUMPTION',77.32,'2022-07-05','Production use'),
(9350,202,1300,4,5426,'RECEIPT',89.28,'2022-07-06','Delivery per order'),
(9865,202,1400,NULL,NULL,'CONSUMPTION',41.09,'2022-07-06','Production use'),
(9045,201,1200,2,5054,'RECEIPT',96.15,'2022-07-07','Delivery per order'),
(9528,203,1200,1,5629,'RECEIPT',67.32,'2022-07-07','Delivery per order'),
(10777,202,1300,NULL,NULL,'CONSUMPTION',20.36,'2022-07-07','Production use'),
(9700,201,1300,NULL,NULL,'CONSUMPTION',76.45,'2022-07-08','Production use'),
(10593,202,1310,NULL,NULL,'CONSUMPTION',10.83,'2022-07-08','Production use'),
(9166,201,1310,9,5201,'RECEIPT',92.75,'2022-07-09','Delivery per order'),
(10245,201,1300,NULL,NULL,'CONSUMPTION',47.18,'2022-07-09','Production use'),
(10648,202,1400,NULL,NULL,'CONSUMPTION',47.38,'2022-07-09','Production use'),
(10552,202,1310,NULL,NULL,'CONSUMPTION',48.64,'2022-07-10','Production use'),
(9986,201,1400,NULL,NULL,'CONSUMPTION',32.25,'2022-07-11','Production use'),
(10165,203,1400,NULL,NULL,'CONSUMPTION',51.08,'2022-07-11','Production use'),
(10676,203,1310,NULL,NULL,'CONSUMPTION',28.97,'2022-07-11','Production use'),
(9961,202,1200,NULL,NULL,'CONSUMPTION',38.53,'2022-07-12','Production use'),
(10400,202,1310,NULL,NULL,'CONSUMPTION',38.95,'2022-07-12','Production use'),
(10397,201,1310,NULL,NULL,'CONSUMPTION',42.45,'2022-07-14','Production use'),
(9875,203,1400,NULL,NULL,'CONSUMPTION',56.0,'2022-07-15','Production use'),
(10747,201,1300,NULL,NULL,'CONSUMPTION',36.1,'2022-07-15','Production use'),
(10201,203,1310,NULL,NULL,'CONSUMPTION',41.87,'2022-07-16','Production use'),
(10530,201,1310,NULL,NULL,'CONSUMPTION',56.26,'2022-07-16','Production use'),
(11075,201,1200,NULL,NULL,'CONSUMPTION',55.93,'2022-07-16','Production use'),
(10690,203,1300,NULL,NULL,'CONSUMPTION',66.36,'2022-07-17','Production use'),
(9050,201,1200,2,5062,'RECEIPT',72.25,'2022-07-19','Delivery per order'),
(9057,201,1200,2,5071,'RECEIPT',83.67,'2022-07-19','Delivery per order'),
(9167,201,1310,9,5202,'RECEIPT',90.57,'2022-07-19','Delivery per order'),
(9224,201,1400,4,5287,'RECEIPT',71.57,'2022-07-19','Delivery per order'),
(10015,202,1310,NULL,NULL,'CONSUMPTION',42.88,'2022-07-20','Production use'),
(10701,201,1400,NULL,NULL,'CONSUMPTION',74.95,'2022-07-20','Production use'),
(9589,203,1300,4,5701,'RECEIPT',84.7,'2022-07-21','Delivery per order'),
(9639,203,1310,7,5766,'RECEIPT',54.51,'2022-07-21','Delivery per order'),
(9216,201,1400,4,5273,'RECEIPT',91.73,'2022-07-22','Delivery per order'),
(9472,202,1400,2,5570,'RECEIPT',48.32,'2022-07-22','Delivery per order'),
(9219,201,1400,4,5279,'RECEIPT',78.4,'2022-07-23','Delivery per order'),
(9871,203,1200,NULL,NULL,'CONSUMPTION',49.36,'2022-07-23','Production use'),
(9579,203,1300,4,5689,'RECEIPT',43.56,'2022-07-24','Delivery per order'),
(10389,203,1200,NULL,NULL,'CONSUMPTION',17.65,'2022-07-24','Production use'),
(9784,202,1300,NULL,NULL,'CONSUMPTION',38.64,'2022-07-26','Production use'),
(10752,201,1400,NULL,NULL,'CONSUMPTION',72.43,'2022-07-26','Production use'),
(11032,202,1300,NULL,NULL,'CONSUMPTION',50.8,'2022-07-27','Production use'),
(9688,203,1400,3,5830,'RECEIPT',80.52,'2022-07-28','Delivery per order'),
(10103,202,1300,NULL,NULL,'CONSUMPTION',77.29,'2022-07-28','Production use'),
(9171,201,1310,9,5209,'RECEIPT',27.47,'2022-07-29','Delivery per order'),
(9402,202,1310,7,5486,'RECEIPT',88.07,'2022-07-29','Delivery per order'),
(9459,202,1400,2,5550,'RECEIPT',84.74,'2022-07-29','Delivery per order'),
(9406,202,1310,7,5495,'RECEIPT',46.1,'2022-07-31','Delivery per order'),
(9170,201,1310,9,5207,'RECEIPT',90.13,'2022-08-01','Delivery per order'),
(9177,201,1310,9,5219,'RECEIPT',70.05,'2022-08-01','Delivery per order'),
(10930,203,1200,NULL,NULL,'CONSUMPTION',32.83,'2022-08-01','Production use'),
(9348,202,1300,4,5424,'RECEIPT',52.07,'2022-08-03','Delivery per order'),
(9107,201,1300,10,5133,'RECEIPT',92.01,'2022-08-04','Delivery per order'),
(9174,201,1310,9,5212,'RECEIPT',73.16,'2022-08-04','Delivery per order'),
(9352,202,1300,4,5431,'RECEIPT',44.86,'2022-08-04','Delivery per order'),
(10809,202,1310,NULL,NULL,'CONSUMPTION',22.24,'2022-08-04','Production use'),
(9467,202,1400,2,5563,'RECEIPT',54.65,'2022-08-05','Delivery per order'),
(10713,203,1300,NULL,NULL,'CONSUMPTION',43.14,'2022-08-05','Production use'),
(10957,203,1200,NULL,NULL,'CONSUMPTION',24.05,'2022-08-05','Production use'),
(9592,203,1300,4,5706,'RECEIPT',28.33,'2022-08-06','Delivery per order'),
(10523,201,1300,NULL,NULL,'CONSUMPTION',51.45,'2022-08-06','Production use'),
(9227,201,1400,4,5291,'RECEIPT',77.69,'2022-08-07','Delivery per order'),
(9284,202,1200,1,5359,'RECEIPT',39.09,'2022-08-07','Delivery per order'),
(10814,202,1400,NULL,NULL,'CONSUMPTION',49.15,'2022-08-07','Production use'),
(9355,202,1300,4,5434,'RECEIPT',49.51,'2022-08-10','Delivery per order'),
(10445,201,1200,NULL,NULL,'CONSUMPTION',18.27,'2022-08-10','Production use'),
(10503,201,1300,NULL,NULL,'CONSUMPTION',78.16,'2022-08-11','Production use'),
(10505,201,1300,NULL,NULL,'CONSUMPTION',41.89,'2022-08-11','Production use'),
(10706,202,1200,NULL,NULL,'CONSUMPTION',19.56,'2022-08-11','Production use'),
(10737,201,1300,NULL,NULL,'CONSUMPTION',36.81,'2022-08-11','Production use'),
(9532,203,1200,1,5633,'RECEIPT',31.37,'2022-08-13','Delivery per order'),
(9752,202,1400,NULL,NULL,'CONSUMPTION',27.64,'2022-08-13','Production use'),
(11057,202,1200,NULL,NULL,'CONSUMPTION',21.45,'2022-08-14','Production use'),
(10953,203,1310,NULL,NULL,'CONSUMPTION',77.35,'2022-08-15','Production use'),
(9354,202,1300,4,5433,'RECEIPT',56.54,'2022-08-17','Delivery per order'),
(9632,203,1310,7,5752,'RECEIPT',26.0,'2022-08-17','Delivery per order'),
(10504,203,1300,NULL,NULL,'CONSUMPTION',19.23,'2022-08-17','Production use'),
(9681,203,1400,3,5820,'RECEIPT',65.14,'2022-08-18','Delivery per order'),
(10376,201,1310,NULL,NULL,'CONSUMPTION',45.16,'2022-08-18','Production use'),
(10565,203,1200,NULL,NULL,'CONSUMPTION',64.5,'2022-08-18','Production use'),
(10566,202,1400,NULL,NULL,'CONSUMPTION',45.89,'2022-08-18','Production use'),
(10932,202,1310,NULL,NULL,'CONSUMPTION',28.66,'2022-08-19','Production use'),
(9228,201,1400,4,5293,'RECEIPT',42.79,'2022-08-20','Delivery per order'),
(10916,203,1310,NULL,NULL,'CONSUMPTION',48.76,'2022-08-20','Production use'),
(9346,202,1300,4,5422,'RECEIPT',61.26,'2022-08-21','Delivery per order'),
(9778,202,1400,NULL,NULL,'CONSUMPTION',69.58,'2022-08-21','Production use'),
(11056,201,1400,NULL,NULL,'CONSUMPTION',22.82,'2022-08-21','Production use'),
(10039,201,1300,NULL,NULL,'CONSUMPTION',25.16,'2022-08-23','Production use'),
(10077,201,1300,NULL,NULL,'CONSUMPTION',67.63,'2022-08-23','Production use'),
(10002,203,1200,NULL,NULL,'CONSUMPTION',28.24,'2022-08-24','Production use'),
(10816,201,1310,NULL,NULL,'CONSUMPTION',28.39,'2022-08-25','Production use'),
(9274,202,1200,1,5347,'RECEIPT',97.95,'2022-08-26','Delivery per order'),
(9874,203,1200,NULL,NULL,'CONSUMPTION',63.72,'2022-08-26','Production use'),
(9099,201,1300,10,5122,'RECEIPT',62.58,'2022-08-27','Delivery per order'),
(9114,201,1300,10,5144,'RECEIPT',72.47,'2022-08-27','Delivery per order'),
(10170,201,1300,NULL,NULL,'CONSUMPTION',14.47,'2022-08-27','Production use'),
(9106,201,1300,10,5132,'RECEIPT',61.15,'2022-08-28','Delivery per order'),
(10455,203,1310,NULL,NULL,'CONSUMPTION',43.54,'2022-08-29','Production use'),
(10686,201,1310,NULL,NULL,'CONSUMPTION',57.97,'2022-08-29','Production use'),
(9218,201,1400,4,5277,'RECEIPT',29.85,'2022-08-30','Delivery per order'),
(10870,203,1200,NULL,NULL,'CONSUMPTION',69.59,'2022-08-30','Production use'),
(10985,202,1300,NULL,NULL,'CONSUMPTION',48.2,'2022-08-30','Production use'),
(9719,203,1400,NULL,NULL,'CONSUMPTION',26.63,'2022-08-31','Production use'),
(10229,201,1200,NULL,NULL,'CONSUMPTION',77.82,'2022-08-31','Production use'),
(10945,203,1300,NULL,NULL,'CONSUMPTION',66.08,'2022-08-31','Production use'),
(9769,203,1310,NULL,NULL,'CONSUMPTION',47.42,'2022-09-01','Production use'),
(10048,203,1300,NULL,NULL,'CONSUMPTION',16.74,'2022-09-01','Production use'),
(10419,201,1400,NULL,NULL,'CONSUMPTION',25.18,'2022-09-01','Production use'),
(10674,202,1310,NULL,NULL,'CONSUMPTION',58.55,'2022-09-01','Production use'),
(9696,203,1300,NULL,NULL,'CONSUMPTION',71.72,'2022-09-02','Production use'),
(9161,201,1310,9,5194,'RECEIPT',32.64,'2022-09-03','Delivery per order'),
(10375,202,1300,NULL,NULL,'CONSUMPTION',15.56,'2022-09-03','Production use'),
(9526,203,1200,1,5625,'RECEIPT',79.05,'2022-09-04','Delivery per order'),
(10057,202,1310,NULL,NULL,'CONSUMPTION',19.37,'2022-09-04','Production use'),
(9230,201,1400,4,5296,'RECEIPT',22.15,'2022-09-05','Delivery per order'),
(9471,202,1400,2,5568,'RECEIPT',54.13,'2022-09-06','Delivery per order'),
(10742,203,1200,NULL,NULL,'CONSUMPTION',17.95,'2022-09-06','Production use'),
(10030,203,1400,NULL,NULL,'CONSUMPTION',17.93,'2022-09-07','Production use'),
(10786,202,1300,NULL,NULL,'CONSUMPTION',58.24,'2022-09-07','Production use'),
(9993,203,1310,NULL,NULL,'CONSUMPTION',61.31,'2022-09-09','Production use'),
(11072,202,1400,NULL,NULL,'CONSUMPTION',68.15,'2022-09-09','Production use'),
(9538,203,1200,1,5639,'RECEIPT',34.04,'2022-09-10','Delivery per order'),
(9825,201,1400,NULL,NULL,'CONSUMPTION',58.17,'2022-09-11','Production use'),
(10821,203,1300,NULL,NULL,'CONSUMPTION',62.19,'2022-09-11','Production use'),
(9464,202,1400,2,5559,'RECEIPT',95.38,'2022-09-13','Delivery per order'),
(9757,202,1200,NULL,NULL,'CONSUMPTION',57.91,'2022-09-13','Production use'),
(10183,202,1200,NULL,NULL,'CONSUMPTION',73.62,'2022-09-13','Production use'),
(10456,201,1200,NULL,NULL,'CONSUMPTION',55.2,'2022-09-13','Production use'),
(10558,203,1400,NULL,NULL,'CONSUMPTION',35.8,'2022-09-13','Production use'),
(9590,203,1300,4,5702,'RECEIPT',68.91,'2022-09-14','Delivery per order'),
(10517,203,1200,NULL,NULL,'CONSUMPTION',21.13,'2022-09-14','Production use'),
(10634,203,1400,NULL,NULL,'CONSUMPTION',67.26,'2022-09-14','Production use'),
(9102,201,1300,10,5127,'RECEIPT',98.32,'2022-09-15','Delivery per order'),
(9108,201,1300,10,5134,'RECEIPT',85.21,'2022-09-15','Delivery per order'),
(9845,201,1310,NULL,NULL,'CONSUMPTION',17.26,'2022-09-15','Production use'),
(10068,201,1400,NULL,NULL,'CONSUMPTION',38.93,'2022-09-15','Production use'),
(10296,203,1400,NULL,NULL,'CONSUMPTION',32.73,'2022-09-15','Production use'),
(10474,203,1200,NULL,NULL,'CONSUMPTION',11.75,'2022-09-15','Production use'),
(9683,203,1400,3,5822,'RECEIPT',75.72,'2022-09-16','Delivery per order'),
(10557,201,1200,NULL,NULL,'CONSUMPTION',78.48,'2022-09-16','Production use'),
(10069,201,1310,NULL,NULL,'CONSUMPTION',35.91,'2022-09-17','Production use'),
(9347,202,1300,4,5423,'RECEIPT',23.67,'2022-09-18','Delivery per order'),
(9583,203,1300,4,5693,'RECEIPT',65.83,'2022-09-18','Delivery per order'),
(10853,201,1300,NULL,NULL,'CONSUMPTION',11.32,'2022-09-18','Production use'),
(10699,201,1300,NULL,NULL,'CONSUMPTION',42.97,'2022-09-19','Production use'),
(9165,201,1310,9,5200,'RECEIPT',99.66,'2022-09-20','Delivery per order'),
(9534,203,1200,1,5635,'RECEIPT',86.94,'2022-09-20','Delivery per order'),
(10239,202,1200,NULL,NULL,'CONSUMPTION',72.91,'2022-09-20','Production use'),
(10838,202,1200,NULL,NULL,'CONSUMPTION',36.11,'2022-09-20','Production use'),
(11059,201,1200,NULL,NULL,'CONSUMPTION',40.91,'2022-09-20','Production use'),
(9048,201,1200,2,5058,'RECEIPT',50.72,'2022-09-21','Delivery per order'),
(9714,202,1310,NULL,NULL,'CONSUMPTION',28.49,'2022-09-21','Production use'),
(9276,202,1200,1,5350,'RECEIPT',46.14,'2022-09-22','Delivery per order'),
(10145,203,1200,NULL,NULL,'CONSUMPTION',60.44,'2022-09-23','Production use'),
(10522,203,1400,NULL,NULL,'CONSUMPTION',75.16,'2022-09-23','Production use'),
(10547,201,1310,NULL,NULL,'CONSUMPTION',60.49,'2022-09-23','Production use'),
(10643,203,1310,NULL,NULL,'CONSUMPTION',58.22,'2022-09-23','Production use'),
(9353,202,1300,4,5432,'RECEIPT',26.91,'2022-09-24','Delivery per order'),
(9983,201,1300,NULL,NULL,'CONSUMPTION',23.82,'2022-09-24','Production use'),
(10011,201,1200,NULL,NULL,'CONSUMPTION',25.32,'2022-09-25','Production use'),
(10935,203,1300,NULL,NULL,'CONSUMPTION',16.84,'2022-09-27','Production use'),
(9591,203,1300,4,5704,'RECEIPT',71.17,'2022-09-28','Delivery per order'),
(10654,201,1200,NULL,NULL,'CONSUMPTION',61.48,'2022-09-28','Production use'),
(9789,203,1300,NULL,NULL,'CONSUMPTION',63.51,'2022-09-29','Production use'),
(9585,203,1300,4,5697,'RECEIPT',81.67,'2022-09-30','Delivery per order'),
(9803,202,1300,NULL,NULL,'CONSUMPTION',79.73,'2022-09-30','Production use'),
(9407,202,1310,7,5496,'RECEIPT',56.22,'2022-10-01','Delivery per order'),
(10631,203,1300,NULL,NULL,'CONSUMPTION',10.26,'2022-10-01','Production use'),
(10794,203,1200,NULL,NULL,'CONSUMPTION',37.61,'2022-10-01','Production use'),
(10906,202,1200,NULL,NULL,'CONSUMPTION',56.35,'2022-10-01','Production use'),
(10915,202,1400,NULL,NULL,'CONSUMPTION',63.48,'2022-10-01','Production use'),
(9105,201,1300,10,5131,'RECEIPT',96.19,'2022-10-03','Delivery per order'),
(9403,202,1310,7,5490,'RECEIPT',94.08,'2022-10-03','Delivery per order'),
(9722,202,1200,NULL,NULL,'CONSUMPTION',29.62,'2022-10-03','Production use'),
(9861,201,1310,NULL,NULL,'CONSUMPTION',15.24,'2022-10-03','Production use'),
(10885,201,1310,NULL,NULL,'CONSUMPTION',10.9,'2022-10-03','Production use'),
(11053,202,1300,NULL,NULL,'CONSUMPTION',61.58,'2022-10-03','Production use'),
(9288,202,1200,1,5363,'RECEIPT',68.98,'2022-10-04','Delivery per order'),
(10189,201,1200,NULL,NULL,'CONSUMPTION',58.14,'2022-10-04','Production use'),
(10202,202,1200,NULL,NULL,'CONSUMPTION',59.03,'2022-10-04','Production use'),
(10620,201,1310,NULL,NULL,'CONSUMPTION',40.84,'2022-10-04','Production use'),
(9175,201,1310,9,5217,'RECEIPT',71.91,'2022-10-05','Delivery per order'),
(9879,201,1200,NULL,NULL,'CONSUMPTION',72.78,'2022-10-05','Production use'),
(10119,201,1300,NULL,NULL,'CONSUMPTION',74.41,'2022-10-05','Production use'),
(9581,203,1300,4,5691,'RECEIPT',20.14,'2022-10-07','Delivery per order'),
(10418,203,1200,NULL,NULL,'CONSUMPTION',66.52,'2022-10-07','Production use'),
(9273,202,1200,1,5345,'RECEIPT',93.67,'2022-10-09','Delivery per order'),
(11022,202,1400,NULL,NULL,'CONSUMPTION',67.91,'2022-10-09','Production use'),
(9694,203,1400,3,5841,'RECEIPT',74.97,'2022-10-10','Delivery per order'),
(11058,202,1310,NULL,NULL,'CONSUMPTION',18.12,'2022-10-10','Production use'),
(9860,203,1200,NULL,NULL,'CONSUMPTION',69.42,'2022-10-12','Production use'),
(9824,201,1310,NULL,NULL,'CONSUMPTION',12.76,'2022-10-13','Production use'),
(10441,201,1310,NULL,NULL,'CONSUMPTION',53.0,'2022-10-13','Production use'),
(10469,202,1200,NULL,NULL,'CONSUMPTION',38.97,'2022-10-14','Production use'),
(9279,202,1200,1,5353,'RECEIPT',71.99,'2022-10-15','Delivery per order'),
(9764,203,1400,NULL,NULL,'CONSUMPTION',11.78,'2022-10-15','Production use'),
(9867,202,1300,NULL,NULL,'CONSUMPTION',18.31,'2022-10-15','Production use'),
(10251,201,1400,NULL,NULL,'CONSUMPTION',46.68,'2022-10-15','Production use'),
(9176,201,1310,9,5218,'RECEIPT',24.14,'2022-10-16','Delivery per order'),
(10442,203,1200,NULL,NULL,'CONSUMPTION',61.04,'2022-10-16','Production use'),
(10627,202,1400,NULL,NULL,'CONSUMPTION',11.31,'2022-10-16','Production use'),
(9477,202,1400,2,5576,'RECEIPT',69.13,'2022-10-17','Delivery per order'),
(9686,203,1400,3,5828,'RECEIPT',84.65,'2022-10-17','Delivery per order'),
(10209,202,1300,NULL,NULL,'CONSUMPTION',39.42,'2022-10-17','Production use'),
(10554,202,1310,NULL,NULL,'CONSUMPTION',52.32,'2022-10-17','Production use'),
(10417,202,1400,NULL,NULL,'CONSUMPTION',44.83,'2022-10-18','Production use'),
(9474,202,1400,2,5572,'RECEIPT',42.0,'2022-10-20','Delivery per order'),
(10231,201,1300,NULL,NULL,'CONSUMPTION',27.41,'2022-10-20','Production use'),
(9780,202,1400,NULL,NULL,'CONSUMPTION',72.26,'2022-10-21','Production use'),
(10975,201,1400,NULL,NULL,'CONSUMPTION',17.84,'2022-10-21','Production use'),
(9466,202,1400,2,5561,'RECEIPT',93.93,'2022-10-22','Delivery per order'),
(10346,201,1300,NULL,NULL,'CONSUMPTION',23.05,'2022-10-22','Production use'),
(10352,201,1400,NULL,NULL,'CONSUMPTION',79.72,'2022-10-23','Production use'),
(9539,203,1200,1,5640,'RECEIPT',23.04,'2022-10-24','Delivery per order'),
(10555,203,1400,NULL,NULL,'CONSUMPTION',26.57,'2022-10-24','Production use'),
(10006,201,1300,NULL,NULL,'CONSUMPTION',37.77,'2022-10-25','Production use'),
(9798,201,1310,NULL,NULL,'CONSUMPTION',17.19,'2022-10-27','Production use'),
(10098,201,1300,NULL,NULL,'CONSUMPTION',49.1,'2022-10-27','Production use'),
(10840,201,1300,NULL,NULL,'CONSUMPTION',25.25,'2022-10-27','Production use'),
(9685,203,1400,3,5827,'RECEIPT',73.45,'2022-10-28','Delivery per order'),
(10745,202,1300,NULL,NULL,'CONSUMPTION',72.86,'2022-10-28','Production use'),
(9886,202,1400,NULL,NULL,'CONSUMPTION',42.02,'2022-10-29','Production use'),
(10719,202,1400,NULL,NULL,'CONSUMPTION',61.34,'2022-10-29','Production use'),
(9807,203,1400,NULL,NULL,'CONSUMPTION',11.53,'2022-10-30','Production use'),
(10309,202,1400,NULL,NULL,'CONSUMPTION',62.7,'2022-10-30','Production use'),
(10947,203,1310,NULL,NULL,'CONSUMPTION',67.66,'2022-10-30','Production use'),
(9936,203,1200,NULL,NULL,'CONSUMPTION',14.77,'2022-10-31','Production use'),
(9408,202,1310,7,5498,'RECEIPT',38.69,'2022-11-01','Delivery per order'),
(10574,202,1400,NULL,NULL,'CONSUMPTION',15.78,'2022-11-01','Production use'),
(9475,202,1400,2,5573,'RECEIPT',55.68,'2022-11-02','Delivery per order'),
(10097,202,1200,NULL,NULL,'CONSUMPTION',22.25,'2022-11-02','Production use'),
(10247,202,1400,NULL,NULL,'CONSUMPTION',10.05,'2022-11-02','Production use'),
(11001,201,1310,NULL,NULL,'CONSUMPTION',58.89,'2022-11-02','Production use'),
(9542,203,1200,1,5644,'RECEIPT',21.59,'2022-11-03','Delivery per order'),
(9730,201,1310,NULL,NULL,'CONSUMPTION',14.59,'2022-11-03','Production use'),
(9343,202,1300,4,5419,'RECEIPT',73.87,'2022-11-04','Delivery per order'),
(9172,201,1310,9,5210,'RECEIPT',48.83,'2022-11-05','Delivery per order'),
(10683,201,1300,NULL,NULL,'CONSUMPTION',53.32,'2022-11-05','Production use'),
(10782,201,1200,NULL,NULL,'CONSUMPTION',77.91,'2022-11-05','Production use'),
(9889,203,1300,NULL,NULL,'CONSUMPTION',43.81,'2022-11-07','Production use'),
(10343,201,1400,NULL,NULL,'CONSUMPTION',78.59,'2022-11-07','Production use'),
(9059,201,1200,2,5074,'RECEIPT',22.62,'2022-11-08','Delivery per order'),
(10551,203,1300,NULL,NULL,'CONSUMPTION',22.59,'2022-11-09','Production use'),
(9473,202,1400,2,5571,'RECEIPT',92.66,'2022-11-11','Delivery per order'),
(10005,201,1310,NULL,NULL,'CONSUMPTION',42.53,'2022-11-11','Production use'),
(10085,202,1200,NULL,NULL,'CONSUMPTION',23.63,'2022-11-11','Production use'),
(10155,202,1200,NULL,NULL,'CONSUMPTION',34.86,'2022-11-11','Production use'),
(10535,201,1300,NULL,NULL,'CONSUMPTION',50.79,'2022-11-11','Production use'),
(9689,203,1400,3,5831,'RECEIPT',38.2,'2022-11-12','Delivery per order'),
(10123,202,1400,NULL,NULL,'CONSUMPTION',22.8,'2022-11-12','Production use'),
(9754,203,1300,NULL,NULL,'CONSUMPTION',17.16,'2022-11-13','Production use'),
(10289,203,1400,NULL,NULL,'CONSUMPTION',67.56,'2022-11-13','Production use'),
(10407,203,1400,NULL,NULL,'CONSUMPTION',65.37,'2022-11-13','Production use'),
(10795,202,1300,NULL,NULL,'CONSUMPTION',52.22,'2022-11-13','Production use'),
(9287,202,1200,1,5362,'RECEIPT',29.28,'2022-11-14','Delivery per order'),
(9580,203,1300,4,5690,'RECEIPT',34.22,'2022-11-15','Delivery per order'),
(9897,201,1310,NULL,NULL,'CONSUMPTION',38.89,'2022-11-15','Production use'),
(9977,201,1400,NULL,NULL,'CONSUMPTION',38.89,'2022-11-15','Production use'),
(9226,201,1400,4,5289,'RECEIPT',68.08,'2022-11-17','Delivery per order'),
(9745,202,1200,NULL,NULL,'CONSUMPTION',55.61,'2022-11-17','Production use'),
(10855,201,1200,NULL,NULL,'CONSUMPTION',65.51,'2022-11-17','Production use'),
(9537,203,1200,1,5638,'RECEIPT',63.37,'2022-11-18','Delivery per order'),
(9926,201,1310,NULL,NULL,'CONSUMPTION',77.37,'2022-11-18','Production use'),
(10830,203,1310,NULL,NULL,'CONSUMPTION',75.54,'2022-11-18','Production use'),
(9164,201,1310,9,5199,'RECEIPT',54.22,'2022-11-19','Delivery per order'),
(9345,202,1300,4,5421,'RECEIPT',37.85,'2022-11-19','Delivery per order'),
(10026,201,1310,NULL,NULL,'CONSUMPTION',26.1,'2022-11-19','Production use'),
(10735,203,1400,NULL,NULL,'CONSUMPTION',75.26,'2022-11-20','Production use'),
(10931,203,1310,NULL,NULL,'CONSUMPTION',70.44,'2022-11-20','Production use'),
(9729,202,1300,NULL,NULL,'CONSUMPTION',67.47,'2022-11-21','Production use'),
(9461,202,1400,2,5554,'RECEIPT',87.78,'2022-11-22','Delivery per order'),
(9728,203,1400,NULL,NULL,'CONSUMPTION',43.91,'2022-11-23','Production use'),
(10108,202,1310,NULL,NULL,'CONSUMPTION',76.88,'2022-11-23','Production use'),
(10478,201,1300,NULL,NULL,'CONSUMPTION',67.55,'2022-11-23','Production use'),
(10951,201,1200,NULL,NULL,'CONSUMPTION',53.95,'2022-11-23','Production use'),
(9280,202,1200,1,5354,'RECEIPT',71.45,'2022-11-24','Delivery per order'),
(9698,203,1200,NULL,NULL,'CONSUMPTION',49.99,'2022-11-24','Production use'),
(10036,202,1200,NULL,NULL,'CONSUMPTION',74.57,'2022-11-24','Production use'),
(10144,202,1310,NULL,NULL,'CONSUMPTION',44.97,'2022-11-24','Production use'),
(10196,202,1310,NULL,NULL,'CONSUMPTION',53.77,'2022-11-24','Production use'),
(10396,203,1300,NULL,NULL,'CONSUMPTION',74.33,'2022-11-24','Production use'),
(9100,201,1300,10,5124,'RECEIPT',67.75,'2022-11-25','Delivery per order'),
(10285,202,1200,NULL,NULL,'CONSUMPTION',51.7,'2022-11-26','Production use'),
(9541,203,1200,1,5643,'RECEIPT',68.13,'2022-11-27','Delivery per order'),
(10084,201,1200,NULL,NULL,'CONSUMPTION',24.12,'2022-11-27','Production use'),
(10128,202,1400,NULL,NULL,'CONSUMPTION',78.36,'2022-11-27','Production use'),
(10837,201,1310,NULL,NULL,'CONSUMPTION',10.9,'2022-11-27','Production use'),
(9854,203,1310,NULL,NULL,'CONSUMPTION',71.12,'2022-11-29','Production use'),
(10268,201,1300,NULL,NULL,'CONSUMPTION',76.12,'2022-11-29','Production use'),
(10061,203,1300,NULL,NULL,'CONSUMPTION',46.58,'2022-11-30','Production use'),
(10876,201,1300,NULL,NULL,'CONSUMPTION',42.61,'2022-11-30','Production use'),
(10904,201,1300,NULL,NULL,'CONSUMPTION',56.28,'2022-11-30','Production use'),
(9637,203,1310,7,5763,'RECEIPT',91.46,'2022-12-02','Delivery per order'),
(10222,203,1400,NULL,NULL,'CONSUMPTION',75.62,'2022-12-02','Production use'),
(10017,201,1300,NULL,NULL,'CONSUMPTION',59.26,'2022-12-03','Production use'),
(10081,202,1310,NULL,NULL,'CONSUMPTION',52.98,'2022-12-03','Production use'),
(10459,203,1400,NULL,NULL,'CONSUMPTION',13.92,'2022-12-03','Production use'),
(10711,201,1300,NULL,NULL,'CONSUMPTION',38.82,'2022-12-04','Production use'),
(9061,201,1200,2,5076,'RECEIPT',43.09,'2022-12-05','Delivery per order'),
(9349,202,1300,4,5425,'RECEIPT',90.16,'2022-12-05','Delivery per order'),
(9524,203,1200,1,5623,'RECEIPT',38.92,'2022-12-05','Delivery per order'),
(9636,203,1310,7,5761,'RECEIPT',98.82,'2022-12-05','Delivery per order'),
(10052,203,1310,NULL,NULL,'CONSUMPTION',55.45,'2022-12-05','Production use'),
(9709,203,1400,NULL,NULL,'CONSUMPTION',53.61,'2022-12-06','Production use'),
(10046,201,1300,NULL,NULL,'CONSUMPTION',11.16,'2022-12-06','Production use'),
(9223,201,1400,4,5286,'RECEIPT',39.82,'2022-12-07','Delivery per order'),
(9476,202,1400,2,5574,'RECEIPT',31.89,'2022-12-07','Delivery per order'),
(10651,202,1310,NULL,NULL,'CONSUMPTION',18.27,'2022-12-07','Production use'),
(10846,201,1310,NULL,NULL,'CONSUMPTION',67.19,'2022-12-07','Production use'),
(9640,203,1310,7,5767,'RECEIPT',72.29,'2022-12-08','Delivery per order'),
(9682,203,1400,3,5821,'RECEIPT',32.09,'2022-12-08','Delivery per order'),
(9684,203,1400,3,5825,'RECEIPT',27.74,'2022-12-08','Delivery per order'),
(10363,201,1310,NULL,NULL,'CONSUMPTION',31.63,'2022-12-08','Production use'),
(10476,202,1400,NULL,NULL,'CONSUMPTION',61.27,'2022-12-08','Production use'),
(9285,202,1200,1,5360,'RECEIPT',39.56,'2022-12-09','Delivery per order'),
(9731,202,1310,NULL,NULL,'CONSUMPTION',19.5,'2022-12-09','Production use'),
(9801,202,1400,NULL,NULL,'CONSUMPTION',60.95,'2022-12-09','Production use'),
(10317,203,1200,NULL,NULL,'CONSUMPTION',53.12,'2022-12-09','Production use'),
(9278,202,1200,1,5352,'RECEIPT',81.06,'2022-12-10','Delivery per order'),
(9852,203,1400,NULL,NULL,'CONSUMPTION',70.78,'2022-12-10','Production use'),
(10387,203,1400,NULL,NULL,'CONSUMPTION',31.9,'2022-12-11','Production use'),
(10806,201,1400,NULL,NULL,'CONSUMPTION',31.23,'2022-12-11','Production use'),
(10976,201,1300,NULL,NULL,'CONSUMPTION',46.54,'2022-12-11','Production use'),
(10841,201,1400,NULL,NULL,'CONSUMPTION',68.21,'2022-12-12','Production use'),
(9588,203,1300,4,5700,'RECEIPT',45.46,'2022-12-13','Delivery per order'),
(10336,202,1310,NULL,NULL,'CONSUMPTION',50.81,'2022-12-14','Production use'),
(10559,203,1400,NULL,NULL,'CONSUMPTION',15.6,'2022-12-14','Production use'),
(10437,201,1300,NULL,NULL,'CONSUMPTION',50.0,'2022-12-19','Production use'),
(10866,203,1300,NULL,NULL,'CONSUMPTION',63.43,'2022-12-19','Production use'),
(9275,202,1200,1,5348,'RECEIPT',32.43,'2022-12-20','Delivery per order'),
(9277,202,1200,1,5351,'RECEIPT',66.91,'2022-12-20','Delivery per order'),
(10348,201,1200,NULL,NULL,'CONSUMPTION',27.32,'2022-12-20','Production use'),
(10829,201,1200,NULL,NULL,'CONSUMPTION',30.29,'2022-12-20','Production use'),
(10594,202,1310,NULL,NULL,'CONSUMPTION',57.49,'2022-12-21','Production use'),
(10682,201,1400,NULL,NULL,'CONSUMPTION',18.23,'2022-12-21','Production use'),
(10764,202,1400,NULL,NULL,'CONSUMPTION',51.54,'2022-12-21','Production use'),
(9940,202,1200,NULL,NULL,'CONSUMPTION',25.29,'2022-12-22','Production use'),
(10592,202,1400,NULL,NULL,'CONSUMPTION',28.38,'2022-12-22','Production use'),
(9794,201,1200,NULL,NULL,'CONSUMPTION',72.44,'2022-12-23','Production use'),
(10049,203,1300,NULL,NULL,'CONSUMPTION',51.99,'2022-12-24','Production use'),
(10345,202,1400,NULL,NULL,'CONSUMPTION',70.67,'2022-12-24','Production use'),
(10198,202,1200,NULL,NULL,'CONSUMPTION',55.39,'2022-12-25','Production use'),
(10590,202,1400,NULL,NULL,'CONSUMPTION',31.1,'2022-12-26','Production use'),
(10366,202,1300,NULL,NULL,'CONSUMPTION',14.75,'2022-12-27','Production use'),
(10749,202,1400,NULL,NULL,'CONSUMPTION',59.69,'2022-12-27','Production use'),
(10954,202,1200,NULL,NULL,'CONSUMPTION',75.6,'2022-12-27','Production use'),
(9951,201,1310,NULL,NULL,'CONSUMPTION',78.01,'2022-12-28','Production use'),
(10502,201,1400,NULL,NULL,'CONSUMPTION',59.9,'2022-12-28','Production use'),
(10778,203,1200,NULL,NULL,'CONSUMPTION',78.28,'2022-12-28','Production use'),
(9282,202,1200,1,5357,'RECEIPT',55.0,'2022-12-29','Delivery per order'),
(9906,203,1310,NULL,NULL,'CONSUMPTION',62.35,'2022-12-29','Production use'),
(10182,203,1200,NULL,NULL,'CONSUMPTION',54.79,'2022-12-29','Production use'),
(10188,202,1300,NULL,NULL,'CONSUMPTION',30.07,'2022-12-31','Production use'),
(9052,201,1200,2,5065,'RECEIPT',59.34,'2023-01-03','Delivery per order'),
(9281,202,1200,1,5356,'RECEIPT',44.81,'2023-01-08','Delivery per order'),
(9460,202,1400,2,5553,'RECEIPT',27.36,'2023-01-12','Delivery per order');

-- UNIT INVENTORY
-- Net stock calculated directly from inventory_movement log
INSERT INTO unit_inventory (unit_id, material_id, quantity, last_updated)
SELECT
    unit_id,
    material_id,
    ROUND(SUM(
        CASE movement_type
            WHEN 'RECEIPT'     THEN  quantity
            WHEN 'CONSUMPTION' THEN -quantity
            ELSE 0
        END
    )::NUMERIC, 2)              AS quantity,
    MAX(movement_date)           AS last_updated
FROM inventory_movement
GROUP BY unit_id, material_id;
